{"type":"FeatureCollection","crs":{"type":"name","properties":{"name":"EPSG:5070"}},"features":[{"type":"Feature","id":94,"geometry":{"type":"Polygon","coordinates":[[[1538794.5287407793,1616163.3881572671],[1538239.0321081136,1614766.00826836],[1539551.1116053967,1612770.9950770075],[1539570.412591042,1612875.4914200259],[1540685.6328228991,1613649.8829181045],[1541555.5056977444,1613547.1635112073],[1544218.5251758562,1610218.4025905589],[1545123.9908829145,1611143.9870199496],[1548362.4801451841,1611383.8204650311],[1548900.4800400366,1608624.1830730652],[1550135.4120715186,1602287.972482902],[1551321.1305609865,1601625.0905183088],[1551476.3594237091,1602650.2803742439],[1552270.7969015008,1601819.6074737618],[1555556.8563899696,1601719.0410302076],[1557826.8054307876,1601523.7958443044],[1558841.9687508626,1602391.3798294356],[1560465.0654643842,1610155.5210806364],[1562348.2399405576,1610469.5638584327],[1563979.5541749867,1610745.233454382],[1565862.2579484168,1614365.6025630822],[1566049.6604583245,1614752.5042789886],[1573431.1897924561,1615047.6220892947],[1576310.7784792315,1614485.7350920914],[1578027.8837611601,1615778.9963729763],[1579624.4236353002,1614838.4068762651],[1581706.3468543366,1615446.8592950013],[1582846.8694389181,1613311.5068241442],[1585081.7462805407,1611844.3204284543],[1587711.6373450705,1613182.2002085503],[1592874.1896940849,1613124.62641693],[1593663.9326381793,1612753.1926328242],[1589640.06555306,1599816.2253095154],[1586642.4940262306,1590224.4214325892],[1583800.191907818,1580789.0603455789],[1583691.4076023486,1580395.8394956384],[1582970.9839984525,1577798.9159261398],[1579825.1127583485,1566288.4162272895],[1579823.2610292516,1566271.2021169271],[1581433.9162708642,1563610.3124680957],[1581387.36551587,1561646.2965783738],[1583281.2633196297,1559322.7848308571],[1584323.9465671375,1559954.588595611],[1585102.9634150073,1557910.5944840889],[1587270.5227128025,1557718.276041368],[1587503.8711744086,1557713.4100675266],[1589769.817078528,1556227.8900591824],[1590268.9367180886,1556309.114685161],[1590480.0419102593,1556102.148624084],[1592049.5236680559,1551832.4216567315],[1592636.4780413383,1550734.3196549881],[1595798.1570164918,1544816.4158983473],[1601536.9012035432,1543876.5816583605],[1600802.1435700469,1540594.3526459523],[1599788.8820943895,1536020.495095415],[1599551.4836195204,1534970.5151848085],[1598578.7656554398,1530582.2416981161],[1598083.4355210785,1528339.1336453874],[1597083.2228497053,1523946.6366064101],[1597251.0258356095,1523222.6949372124],[1598676.6083988284,1520727.1673635878],[1597473.426481805,1518257.884025367],[1597920.7468663547,1517125.785364911],[1598633.5868060309,1516592.1378793325],[1598209.1410867015,1516148.8671367299],[1596940.4904386259,1515867.286110552],[1593314.6070089026,1514541.4827916399],[1593465.5583363045,1513650.8075979855],[1591362.216942508,1511697.1078487728],[1589991.4012175822,1512096.3967691083],[1587289.9036461571,1510390.4200460669],[1586364.6884958202,1507087.2105963249],[1591787.3919826008,1502364.4731395505],[1593101.3147810877,1501336.8370977696],[1600928.4489001709,1500356.5405537207],[1601093.7621198255,1498724.0891096778],[1602839.2089169964,1498690.4649143815],[1608361.155928436,1498586.692383524],[1609711.3145245954,1499233.7931148484],[1610993.8011007896,1500462.2490077373],[1613637.240423708,1501594.8317415807],[1613987.3465625579,1501369.505177103],[1617137.2348955311,1501086.5040630996],[1617543.2174850381,1500571.3161548506],[1618693.3749046025,1499396.3668983206],[1622558.5749687206,1500899.3834763709],[1625587.9527387754,1498701.8376539778],[1626105.3404113776,1498601.043621067],[1625781.4302683524,1499640.7207588535],[1630536.5857574497,1503016.3037516568],[1636994.1775655919,1500589.8774418067],[1639522.3859156903,1496867.3262811508],[1640456.1468760546,1492790.864275625],[1640689.594484895,1491093.2622540034],[1640953.0011072061,1490621.5089218374],[1641334.6111044406,1488955.3740247432],[1641678.8016914851,1487452.8510059211],[1643315.7502727057,1486152.51692136],[1653479.5539674608,1495346.5450872388],[1653706.0144683586,1495818.1981222071],[1659609.5645693131,1508120.4738602899],[1656345.0606931709,1515482.874448251],[1661384.2076218473,1514877.6535986252],[1664492.9159787751,1517847.7387288623],[1664865.6383930955,1519375.0635205824],[1661976.8041539956,1523305.7827901319],[1663330.1483984306,1524847.7455595247],[1662945.5191246364,1526685.2706935555],[1664740.9437860146,1527278.9347289018],[1664574.3523523922,1527922.6376258954],[1665970.9821008118,1528750.7117441297],[1666295.4667552831,1528461.695403846],[1666098.0860221304,1529118.6854965575],[1664487.9323996601,1529679.5210953373],[1662998.9027771836,1528928.1936361957],[1660199.1911159144,1531991.1809416953],[1660060.8723549128,1533296.6742594652],[1657727.1697470432,1534779.0856564455],[1656937.6298072024,1536550.1832432374],[1656422.5495706776,1538588.521242125],[1654669.5569473391,1540074.3449075297],[1653342.125776605,1542976.3267477229],[1652229.0136104368,1543651.1792984027],[1652497.3399525259,1546093.1483321125],[1649967.3832858047,1546728.9672103142],[1648470.9576256778,1547017.978689854],[1647415.4684464184,1546677.5586269479],[1645883.5217117306,1548313.3538248483],[1643063.0427584548,1549730.0023728544],[1642011.5369759477,1549683.4719738513],[1637637.0229442408,1553335.0435175896],[1634355.5496082262,1555401.1153928144],[1633312.6479407861,1557328.8695329288],[1632213.9027315562,1557439.4214344332],[1634467.8024852059,1560150.0519015556],[1634860.3838005734,1560538.376037579],[1643853.3583479561,1570417.4877315536],[1646061.3102168501,1572565.1993855871],[1649102.0885106784,1577730.4432463823],[1651238.4212944333,1579023.7738756603],[1653121.2726018552,1579013.1706137741],[1654058.3242217805,1581599.5265551675],[1655622.5245371608,1582669.6417878168],[1659418.5132391127,1581844.2513745874],[1668498.0564160307,1579900.6018277137],[1667930.434150167,1578517.4335299432],[1669461.179689195,1577267.6520895688],[1673053.0260563677,1577484.9402012555],[1674016.7887796198,1576437.9830896696],[1676810.5073766601,1575454.1405161917],[1677557.1377515034,1576362.5359046655],[1690253.843136291,1572009.5149338311],[1692778.0791292072,1571368.0104747694],[1694992.6168074892,1570672.8173029236],[1705808.8139656077,1579859.1336658141],[1706360.795750197,1578342.0672891596],[1707688.1608730415,1578603.4690806521],[1713510.1038243591,1579783.7445751745],[1724566.6933973709,1582025.3258834444],[1732639.8801877326,1583682.4300685814],[1745073.2559626487,1585415.0880286228],[1757232.7492097775,1587186.6603980269],[1756649.0645859463,1577672.2328309296],[1757765.9703191891,1577426.7620692449],[1759051.1654470493,1578104.8735527731],[1762497.8867836122,1577982.9210756226],[1764190.5057775478,1578082.5484935576],[1765310.9995784853,1580809.6501136953],[1764987.9436122114,1583743.8883746453],[1766070.2486360839,1585027.360205356],[1765494.8285473555,1586042.9292104691],[1766346.4621331266,1587165.3470476912],[1765430.3590328177,1588911.3280048165],[1765847.8456090761,1589927.1246054936],[1768117.5918782102,1590871.4761670958],[1769254.0480236814,1589890.4594561439],[1770456.2069465148,1590115.2763196332],[1770445.1934085335,1589129.5753775313],[1773221.5818338669,1588168.3287587753],[1775861.6838702322,1589354.7891984945],[1777559.4636403085,1588555.2913667448],[1777676.296939007,1591472.4407946868],[1776118.3029155105,1594298.7515829513],[1773725.5304342159,1603949.1025712658],[1771521.4454218529,1608830.9083151398],[1772953.5977011987,1613312.1336556105],[1774224.5597160105,1617113.8283527354],[1773424.452620958,1618464.7524047643],[1773389.326505583,1621109.7707643183],[1773269.499043256,1621445.9050761582],[1772195.0078534633,1622422.3066417631],[1768365.6645229508,1624137.9812966948],[1766598.8190125176,1623400.2925466672],[1765601.8918928255,1623549.6203465108],[1758351.0922363736,1622041.9632194927],[1755205.3347039048,1620774.1112932218],[1750448.1562905663,1618023.2708828114],[1747082.250016581,1614362.984465762],[1745186.1550365377,1613543.1668773992],[1743229.3879916922,1613012.2566526504],[1742975.5793875444,1613245.1328017181],[1741145.5104378522,1614924.8245102027],[1740894.0438290276,1615896.2404594403],[1740009.8816579254,1616674.9017115515],[1739176.4552687884,1616982.3632225301],[1734038.1940196075,1614312.9211579328],[1733103.0413635941,1613033.9078118317],[1731208.0164184333,1611976.7065715687],[1730406.5406668507,1611207.7234617835],[1728695.1938793177,1610189.4450189732],[1723627.065144862,1608897.0287392773],[1722199.8150319662,1608360.6548432792],[1721902.7161012972,1607937.934180459],[1717650.9095062036,1606878.681640042],[1716764.5307724308,1606515.1351661645],[1716175.5034106108,1606574.2981267711],[1714393.695012185,1607290.5635736315],[1714376.5528468827,1607308.4743427588],[1713720.0140366387,1607994.5186484242],[1713204.1718695457,1609332.9522496043],[1713416.7420809525,1610400.1032444304],[1714124.2419614699,1611629.4071926503],[1714382.6770113215,1612705.9820963517],[1713823.6660163233,1613553.9282660969],[1712650.2721562556,1615117.7457395252],[1708906.2041633483,1620111.5669355858],[1704542.5748827946,1628446.2901524287],[1703738.0604461629,1635758.2216578638],[1705151.770982489,1639602.6297891345],[1706721.2083939123,1643876.7645458011],[1706885.3487514418,1643791.6020879131],[1708531.7608677181,1642937.6559947897],[1706222.4896010112,1634750.0512161497],[1707208.4793561436,1629052.5046041133],[1709988.3554688455,1624350.0288276523],[1712824.8906063249,1619556.2028714847],[1713492.0959014795,1618429.265502939],[1715708.8260719907,1617916.0444652084],[1717525.0471605731,1618652.4273308385],[1718964.2489673637,1618889.8521011164],[1719059.800053027,1618863.3982728338],[1720084.6602592792,1618579.7421997041],[1721722.3314861134,1616931.94170014],[1722696.6439377626,1616170.4195630774],[1723135.0193633207,1616140.8530547367],[1724156.4947541489,1616774.0998270931],[1725537.9942006881,1617060.7780517247],[1728535.0676608218,1617201.7646060586],[1730209.6228485643,1618965.4716564603],[1732919.4593805217,1620252.8866871353],[1732881.2770015709,1620666.4679077007],[1733272.7671105566,1622013.0193608869],[1733924.7827627358,1622570.6554916194],[1735447.4000112629,1624936.737157899],[1735871.968658546,1626350.6820904622],[1735899.335006655,1626710.1124929022],[1735923.2232457055,1627023.9511072682],[1740604.6560549566,1628968.1314497394],[1742168.0545555663,1629296.1488303635],[1742688.521695079,1629104.2320292024],[1743399.9920775779,1629374.1476563504],[1744919.2246481152,1630597.1447076229],[1745184.7843205824,1631617.0382292103],[1741797.995982962,1632015.7494819881],[1740565.3533472565,1632915.1061071269],[1738006.153249867,1632309.5822482603],[1729562.1790255194,1637770.5869306419],[1729561.3908004127,1638369.3837979445],[1729561.2246708719,1638493.9084113492],[1730077.3749911359,1638900.5603844319],[1735428.839214864,1636706.3199314112],[1735486.2663074494,1636682.7988424413],[1737800.2805988558,1634301.8343553152],[1741720.6813808277,1634573.4924300415],[1748041.5524796913,1632640.2815902475],[1750485.7015396203,1632432.5047302218],[1752489.2597000499,1632493.904126469],[1754388.4059959208,1634244.6458784575],[1750632.80148402,1636135.2792807193],[1748265.2808370925,1639204.1522706049],[1746623.0038982187,1640001.8387963129],[1745150.4032221122,1641195.0074317409],[1745314.4558213658,1641687.0275130281],[1745375.9389667285,1641712.8863444831],[1745758.689026593,1641873.8780972809],[1747167.3082992877,1641532.7455164939],[1747915.8112459942,1640655.6270347349],[1748980.4065298631,1640335.4819572829],[1750018.8001280301,1639192.3025652273],[1752363.14696489,1637287.5953369327],[1755126.6034452671,1636258.3580822898],[1762376.3427470278,1639212.3726177439],[1764095.5973761198,1640080.6179610696],[1764661.4388969766,1640612.3641053345],[1764964.964383363,1641307.9206454642],[1764771.6997967823,1641937.1980348788],[1764054.3084736902,1642939.1276774565],[1761979.0465164857,1646415.3970584776],[1758519.7943224304,1647372.382461166],[1758099.9445332047,1647867.6541017201],[1754434.7067220281,1652194.1312558409],[1752483.843712708,1651998.8261945806],[1750615.8582207009,1653370.6835628031],[1750586.4130205493,1654699.4671062818],[1750573.0982755097,1655299.1720853029],[1752768.8106251578,1654946.8145060148],[1755402.2512093673,1655132.4298718395],[1760962.2404540761,1650607.0093857367],[1763533.8329137939,1650149.8199188076],[1764890.3384867208,1648258.9631597763],[1766364.7359491063,1647646.8872745447],[1767569.8640020199,1646333.0327979922],[1767785.5984838824,1646155.6461998997],[1769879.0778125213,1645652.7419756223],[1775066.9906217952,1645325.007670409],[1776366.7941906939,1645382.9219724787],[1776740.374126411,1645607.5966910925],[1778065.9477790787,1645815.8638462937],[1776805.1959281978,1646512.4251821795],[1774934.0382813562,1647056.0707183424],[1772823.7573209391,1648572.3771145279],[1773179.6370200925,1651443.6861768207],[1771565.3900305075,1654011.3347967817],[1770753.8779534302,1654585.5761042377],[1771181.4031566626,1654816.6050486267],[1771960.1047696252,1655237.4896021513],[1774676.7639011708,1654244.9451055955],[1776445.4532222175,1650962.8258961793],[1779452.2180802303,1648704.6378463479],[1781763.630895992,1646042.0408936627],[1781973.2348378734,1644046.1893869806],[1782178.3274404397,1642469.5811501369],[1784518.4897584212,1640078.0933239907],[1785760.1215764878,1639271.6170492731],[1789398.7895581615,1637767.6706066523],[1789927.2209882357,1637775.185319677],[1789891.8512961282,1638705.3741891785],[1789881.5982883759,1638974.8439637134],[1788399.4476601775,1642144.8267810382],[1786690.0603113754,1644542.0932645518],[1785683.4721436403,1645366.0180083225],[1785270.7986578117,1646694.8336187275],[1783432.7733966804,1648450.1301349504],[1782954.5265771367,1650152.3526132163],[1782925.8496626248,1650254.4276034972],[1783025.5841864673,1650999.6259131888],[1781725.956412351,1652603.3561797906],[1780724.0892341034,1653081.762447671],[1779945.6896213349,1654391.4787590522],[1779267.4526881541,1656188.7064726381],[1779421.3429078101,1657817.9288601056],[1779199.9678508402,1659396.2354727928],[1778720.1652389641,1659758.9619889772],[1778087.3270542885,1659404.7310390165],[1777221.6757590985,1659436.775398504],[1776488.9844149624,1660280.6059563998],[1775257.2594828068,1663017.6479918463],[1772744.8289161306,1666226.7424596138],[1772504.2562691143,1666319.2459391356],[1771825.4691090062,1667121.0455289464],[1771670.4692818096,1667767.4743923713],[1771879.7501280804,1669573.2522975327],[1771789.3946563061,1670223.2469730154],[1770300.5381933483,1674117.2345567849],[1769820.623959579,1674335.0980880167],[1769467.5141021092,1674149.3059473662],[1769248.3633045473,1673581.319872831],[1768980.1579193769,1673039.3814552575],[1767924.3719810632,1672707.3765112162],[1767140.6004184447,1672461.0086552761],[1765170.2836829561,1674127.0444937749],[1764285.9070049371,1674091.9321066123],[1762947.7848595823,1674385.1760780439],[1762085.0691994184,1674842.1658987794],[1761139.8900038877,1675918.4654056169],[1759563.1023927275,1678316.8127251687],[1758320.3181160951,1680586.3432702757],[1757986.7385043798,1681195.6732942956],[1759251.0004888629,1682143.4471592894],[1759343.2065904674,1683377.726784505],[1759669.6676225828,1683464.7724052547],[1761597.6663859296,1683979.1282785097],[1762521.8275637161,1683892.202100412],[1763316.7229035541,1682587.2822589437],[1762955.0065698258,1680352.1523758555],[1764410.3628572633,1679700.1739043845],[1764434.8168701313,1680751.9635235788],[1765509.3263770882,1681022.4467987306],[1767747.8048458477,1680995.0932646161],[1768637.1225138574,1680293.7414246537],[1768931.6247164842,1680277.727912779],[1769439.0789856429,1680808.7488705069],[1769792.2601712032,1680944.9011074351],[1770307.3368093644,1680995.0606316477],[1770877.1404408433,1680786.191059282],[1771033.7191585647,1680728.8038496356],[1772272.7098264473,1678521.6237124102],[1772992.934999276,1676504.7442466756],[1773814.9931413536,1676017.9034133693],[1775356.4368359298,1675746.1063971771],[1776801.2875253828,1674367.8918207632],[1777441.9966655441,1670946.5321989814],[1777657.5978874709,1670389.6898147063],[1778197.4011771432,1669661.3444400057],[1778588.2916546105,1669624.8601205274],[1779369.4595989257,1668888.2751719085],[1780164.2078704259,1667144.0648739617],[1780315.2460050203,1666332.0417185379],[1779739.5807681198,1665001.5311110616],[1779936.1626664598,1662419.7560400991],[1780838.0851989535,1661347.2632578136],[1781237.5415258924,1661161.7720355075],[1782211.8898116024,1661311.4808427319],[1783093.9277125534,1660777.7475499846],[1784252.9540916833,1658071.6965640569],[1784211.8923017394,1656705.5395347569],[1784321.8052319342,1656307.0276686987],[1785202.1114783513,1655561.8653657772],[1785770.9006251148,1655105.64270675],[1786215.7906978212,1654803.7903920114],[1787947.4489312726,1655659.1915021865],[1784547.9681258311,1661665.1820562966],[1783614.1937147693,1663501.0949705504],[1781326.1598026594,1668002.0098093618],[1781018.6971122646,1668607.0923764789],[1778056.2754037541,1675190.5375144277],[1774248.0420900562,1683487.3894859599],[1772168.988425124,1688795.0208855299],[1771125.0232223324,1688609.7562514897],[1771090.175672804,1688604.3288737144],[1770630.5230666443,1688505.54942373],[1770578.496394427,1688494.3705698531],[1770110.2532466084,1688393.7756831301],[1769999.8797021541,1688358.6098913858],[1769919.4858493675,1688352.8002023026],[1769115.4009097682,1688168.6817367533],[1769002.6717950224,1688144.4820362423],[1768817.5351458467,1688104.7420195425],[1768629.7094207215,1688064.4292324847],[1768421.5911688269,1688019.7663171804],[1767502.3888113578,1687822.5679950807],[1764833.6565917914,1687239.0763325458],[1764781.6219237021,1687227.9340776866],[1764582.0682956469,1687185.2065710248],[1764417.2905673566,1687149.9289293606],[1758426.4470649555,1685869.6749071814],[1758423.9316128513,1685869.1383067742],[1757727.5921243308,1685732.0790139847],[1750129.0471595069,1684111.8008557381],[1744018.4256158175,1682814.1115063457],[1743989.3306800579,1682807.9439817807],[1733568.3971749353,1680605.8434955953],[1733560.761055995,1680604.2651180103],[1728054.6772951155,1679468.0507143391],[1720359.7222542386,1677886.5626863735],[1718088.6231832847,1677388.2780241966],[1713751.8534979685,1676438.6042102901],[1713738.8102171884,1676435.7515988015],[1710792.9709487283,1675873.981284596],[1705807.8960923615,1674851.9000572404],[1698658.2597348432,1673391.4959983723],[1696643.9675288522,1672981.2153596207],[1695671.6301048803,1672712.3800793588],[1695183.0130628962,1672617.6847584276],[1692918.3965620422,1672179.187008895],[1692909.4111195628,1672177.3204290122],[1690679.511581453,1671714.3948517209],[1681190.1410314497,1669947.1061800094],[1681125.4256714538,1669779.4862150429],[1681201.7574780304,1669258.1758477176],[1681360.4383385882,1669037.8953447342],[1681361.9888175202,1669035.743044599],[1680876.4111492494,1668939.8051809808],[1665781.8931562128,1665972.2788826777],[1665093.3095481705,1665813.9171340484],[1663209.2499755437,1665380.9283934897],[1660782.9465164824,1664903.4682156909],[1659718.2015948014,1664944.044606193],[1659706.3560056835,1664944.4968287712],[1659235.9241678766,1664962.5759064574],[1657477.2803601006,1664478.1651648991],[1656209.2968422649,1664043.1083702119],[1652028.2512902389,1663215.8308003955],[1648233.6927619518,1662466.9263576278],[1643197.4925034652,1661475.7613649899],[1641628.5280172534,1661167.6271962607],[1623895.8012642872,1657706.5170273054],[1608803.6122533723,1654791.8562634736],[1607289.407638642,1654485.4577482892],[1606840.624619927,1654394.7021587826],[1597885.2752156428,1652589.0033002952],[1597280.6593254274,1652470.391429875],[1597269.3028973395,1652468.1639367603],[1595754.2555946573,1652167.4777344605],[1583642.3305907047,1649785.6118312767],[1583599.8554029597,1649780.1104946602],[1583008.7991591785,1649663.8881452484],[1583008.1440629405,1649663.7593505597],[1581010.1765346027,1649271.2140315669],[1576454.0738562776,1648377.9406324336],[1575743.160585118,1648238.7933218433],[1575462.3511261644,1648183.8479516879],[1575425.6976529055,1648180.9795981934],[1565641.5940359703,1646389.8281559525],[1565536.8092767522,1646362.0410289401],[1563993.0253548548,1646056.4579212693],[1558816.2836860048,1645033.9378002426],[1558809.6470613799,1645032.6005255394],[1558808.313862748,1645032.3318837201],[1549039.1560971178,1643069.8481249837],[1548614.4594587986,1642992.855838526],[1547244.0055653434,1642712.5713938791],[1546290.5131376071,1640113.9475385398],[1544259.3439341371,1638965.5673101256],[1544309.9610718158,1632176.046338588],[1545762.3679044184,1624724.208880119],[1545906.447766169,1623985.1503020702],[1545998.4195963056,1623512.9165927749],[1543314.6783776954,1623038.7554248339],[1542488.2672007531,1620165.3952744398],[1539264.261851724,1620635.0263155289],[1539681.1578780657,1618758.2636319138],[1538385.4205972974,1616141.4330626847],[1538794.5287407793,1616163.3881572671]]]},"properties":{"OBJECTID":94,"AREALAND":"21605896908","AREAWATER":"2444463660","CDSESSN":"119","FUNCSTAT":"N","GEOID":"3701","LSADC":"C2","MTFCC":"G5200","BASENAME":"1","NAME":"Congressional District 1","OID":"2119035952747009","STATE":"37","CENTLON":"-077.2757768","CENTLAT":"+36.0264740","INTPTLON":"-077.1782646","INTPTLAT":"+36.0379001","CD119":"01"}},{"type":"Feature","id":244,"geometry":{"type":"MultiPolygon","coordinates":[[[[1525503.0359728481,1556489.8140262989],[1526110.7604957991,1554458.6391044939],[1527417.5175740453,1553275.8186115408],[1527446.8145024492,1553288.4453040343],[1528303.3758147445,1553681.7737120781],[1529687.5764943312,1553847.4082995262],[1529819.4228888226,1553540.3959736535],[1530418.5277870549,1552466.0277259862],[1531175.8763215444,1552122.8666876163],[1532213.1418050744,1552096.0445127664],[1531082.4220071468,1551160.8703701328],[1530744.091419149,1551810.4002207471],[1530204.3704243675,1551574.5337316748],[1531142.0344930459,1550859.109547914],[1531151.526879085,1550842.0645750938],[1531725.2448688045,1550412.3325395593],[1531671.4796656629,1550337.6275760746],[1531741.9921879258,1550208.5876686834],[1531816.306190589,1550154.4521835232],[1531998.7073226634,1550182.9067427879],[1532085.9396599212,1550181.2152473023],[1532095.0311026322,1550292.9399404675],[1533535.8009771877,1550585.4337594416],[1534633.3951579304,1551024.7558418],[1534828.3245174701,1550061.0825116718],[1535279.1151417331,1549068.3684323542],[1535730.4794174857,1547956.4887502799],[1537181.4519478644,1547954.0904128933],[1538266.5629143075,1547854.4980178885],[1538156.7033435137,1547251.9879362816],[1539336.6312134422,1547079.1914127264],[1541156.3295860982,1545649.3836605009],[1543281.5364913587,1544996.461741928],[1543820.6162776742,1545475.818299829],[1545579.0229433521,1544426.0848945249],[1547647.1356432959,1544786.175963534],[1548047.3439232265,1544551.0789864333],[1547926.8475478673,1544665.1070739478],[1549746.0902792716,1544146.7316223336],[1549979.6976023384,1543720.6188017102],[1551711.7451732932,1543276.8896828201],[1551884.177309368,1543153.3878348796],[1552168.085817053,1544171.9975797432],[1553298.4154210666,1542862.2264404176],[1556099.7415925092,1542108.2484945133],[1555861.9429652472,1544437.6133202994],[1557414.1469844,1544222.8379020654],[1556590.719687877,1547064.8896537293],[1559365.9067215328,1546322.6389346709],[1558362.6006641819,1548710.1940889638],[1562642.3564153009,1549897.3529499434],[1564050.1254434297,1553589.4528250946],[1566911.6589990237,1553776.1347207334],[1566681.8743314666,1554904.4050204251],[1565919.9470393104,1556137.3738336405],[1571254.0996469364,1558081.0088033639],[1571697.7969357299,1559464.5836405158],[1574382.1398630838,1561210.2525777379],[1575271.7540289219,1565068.4418453453],[1576914.860653013,1566336.999560928],[1575599.1306535855,1566590.4444533],[1576519.7169525779,1567016.2152283639],[1575263.3848400931,1567405.768328663],[1571759.7112537308,1566687.0996797448],[1570881.6467530001,1566018.549807637],[1570864.9606402377,1566040.9351523668],[1570265.8985057427,1566699.593866501],[1569762.2275307239,1566523.0040640039],[1567480.6651900194,1567627.9454488251],[1562236.5182239492,1568382.2742970716],[1561527.6603340078,1569757.5452066008],[1560347.4479820342,1569425.6486834083],[1559282.1366293218,1569445.7962053912],[1558782.0812307519,1570163.6423759693],[1558310.4005086599,1572436.8112126356],[1558726.7807704718,1573228.4367188402],[1559565.7890068367,1574092.4888002435],[1559934.1710748866,1574533.4105885616],[1559678.0378493634,1576518.9245802332],[1558695.1120550255,1580264.1992123798],[1556243.634890036,1579057.9293354945],[1555951.9355018849,1579085.0120721655],[1554186.3835507547,1579856.0624872902],[1553980.9691788098,1579759.2803254938],[1551592.1597224209,1579331.4209564067],[1550675.1961112563,1578745.8119664909],[1550651.9994339659,1578741.5042537618],[1550568.7668182473,1578691.424083394],[1550471.3811961084,1578656.3706591306],[1550355.5254179146,1578634.6317349318],[1549781.5592149203,1578607.0148259429],[1550070.4623502146,1578070.1010727054],[1549659.3243340082,1576106.8507469743],[1548784.3268219021,1574509.1348981978],[1548854.5514523587,1574345.1749250107],[1549003.8512331871,1574203.5061932644],[1549031.2349357475,1574053.3565335143],[1549017.163322984,1573869.7830468034],[1548976.0652324434,1573693.1575334026],[1548925.2668444351,1573678.7292928593],[1548982.1867259077,1573580.1793034831],[1548445.7567349251,1572990.1387543762],[1547649.8134078402,1570516.6837797901],[1547482.60684355,1569917.2476312788],[1546921.392174311,1569047.1025636932],[1545650.7884053665,1568255.3708917657],[1544298.9814577634,1568458.8823414529],[1543261.8139614379,1568888.9644752694],[1543102.4395914162,1569316.719006612],[1543057.6249109006,1571569.5214150799],[1543007.0219670848,1571961.7957982589],[1543212.8716342107,1573761.9623413375],[1543352.2288674859,1574009.6409859359],[1542795.874071836,1575362.6320576202],[1541535.6994444123,1576765.0661739027],[1540073.4606934777,1579877.2651563324],[1537927.8560001154,1581562.8243540945],[1536829.6738358561,1580288.7488122955],[1536548.269709632,1576025.9889859054],[1536498.5596252857,1575391.1886910209],[1536337.4733615071,1574486.6773399469],[1534681.1706775716,1571067.8587831752],[1534050.9769227284,1570881.1254793582],[1533518.0262484748,1569448.1421581563],[1533500.0019273094,1569085.4281863254],[1529559.2769641958,1569339.1976399748],[1529219.9905170749,1568816.4366836166],[1529156.3188686422,1568365.2773382999],[1528939.9437565394,1566818.793918536],[1528719.4423791033,1565269.5512882341],[1528520.3174207483,1563824.882095593],[1528367.6890431708,1562735.9106622543],[1529769.9869020898,1561909.3634604597],[1531412.4948309655,1560951.4373410195],[1531228.0403262265,1560261.5723318029],[1529595.6236225173,1557539.530484762],[1529366.6623509252,1557305.4551388305],[1527684.6910252173,1556820.8061270947],[1525923.2202967387,1557048.6078270767],[1525503.0359728481,1556489.8140262989]]],[[[1552097.7452707384,1542999.474750977],[1552113.9228731932,1542980.6089426521],[1552119.2993620355,1542976.7082737153],[1552131.0973397694,1542972.6299627079],[1552155.7722153168,1542967.5193474041],[1552171.5028178305,1542940.7148434091],[1552169.1460648109,1542953.941239032],[1552159.8315701254,1542966.7905871356],[1552150.2938311198,1542971.9703849088],[1552122.8421079705,1542982.7151530012],[1552097.7452707384,1542999.474750977]]]]},"properties":{"OBJECTID":244,"AREALAND":"1059278899","AREAWATER":"10864405","CDSESSN":"119","FUNCSTAT":"N","GEOID":"3702","LSADC":"C2","MTFCC":"G5200","BASENAME":"2","NAME":"Congressional District 2","OID":"2119035952747011","STATE":"37","CENTLON":"-078.6025826","CENTLAT":"+35.8213259","INTPTLON":"-078.6043316","INTPTLAT":"+35.8218444","CD119":"02"}},{"type":"Feature","id":327,"geometry":{"type":"MultiPolygon","coordinates":[[[[1563170.9051284709,1469547.3759531472],[1562787.8886955476,1468676.1832167078],[1564390.6570083275,1467001.8556356002],[1569906.7879004979,1464158.4287331048],[1571697.9284856296,1461972.0986242909],[1573024.0086990632,1461998.5197969191],[1574146.2419265199,1460128.8059667647],[1576292.4687952297,1458978.6002806332],[1576626.9801376853,1457620.7294881437],[1578531.762954456,1456506.8161475174],[1578913.7397372206,1455077.6195875946],[1581312.1249408463,1454086.2250557113],[1583415.5099090301,1452561.652506575],[1585161.6680221786,1449549.3360414896],[1587015.0502360037,1447814.2525597122],[1587985.0581394702,1447900.4546906967],[1589267.7404115365,1446441.1736956816],[1589998.223484972,1446505.1197219696],[1590304.1986854742,1444299.381987812],[1592870.7777595527,1441916.8027983438],[1593016.6326801996,1441071.1915133633],[1595152.3407002958,1440726.5210068058],[1596186.0458554563,1439179.008750733],[1597730.2417757798,1438420.1540514436],[1597968.7046699566,1436649.4444491249],[1599151.7175923923,1436177.4405708052],[1599256.4534019309,1435005.3621071521],[1600696.4622806355,1431783.2718788516],[1604579.3582915186,1430370.2643861584],[1606297.6707908416,1428240.2373433951],[1606229.9287177937,1427268.4614373501],[1612372.6291867716,1442717.9236324094],[1615624.4896362161,1446538.6060741805],[1615271.6993113486,1448131.0777380895],[1616263.2307230767,1448753.8187514171],[1621490.5487936365,1449860.8758521248],[1624085.1344664313,1451048.4180412795],[1626504.2022671301,1449724.1816941053],[1629893.1481506142,1450161.7386566345],[1630372.3242413756,1450701.3856022097],[1630866.1332763005,1451274.3003958575],[1632487.7271327358,1451194.7950079255],[1654000.0817425225,1455462.322993625],[1655612.6102041784,1452869.7471520714],[1659152.6822951504,1447120.4194532316],[1662839.3369922498,1441060.8104596045],[1668591.9787716717,1430750.2432285976],[1668550.5225765372,1430477.494062867],[1671907.3526280916,1429837.9312388003],[1673467.0924986585,1428567.1476658862],[1674455.7504285821,1427604.5184535347],[1676480.3882808657,1429780.1507645324],[1678750.9514478724,1431987.3109609298],[1683449.8379882758,1436106.7054028343],[1688169.6065266212,1440067.4476485159],[1688855.5416175032,1440749.9977636803],[1691065.3556914832,1442950.0594031904],[1694539.0136641369,1447146.975775633],[1698305.8856039201,1451089.1344850846],[1700666.9387398893,1452996.5150865167],[1700997.195860514,1453442.9671443626],[1701102.0410644622,1453584.714093985],[1701655.7009267113,1453784.0373061877],[1704278.7864885835,1455580.6224116348],[1706088.1022856522,1456834.3948645759],[1706662.7957192,1457059.3525170702],[1707871.1832884445,1457532.5201081652],[1712915.7010995853,1460314.5678811148],[1713147.5790376663,1460442.5587826818],[1716599.4281046086,1462104.6597229168],[1723513.4504920323,1464958.0712872334],[1723788.4746275472,1465071.7214333117],[1731452.3330524382,1467880.8346505892],[1734568.9600684654,1468791.6655267682],[1735601.6495853537,1469093.7496420369],[1739440.7094437459,1469858.4040910956],[1742491.7480494813,1470008.8995134272],[1744029.467210605,1470399.1245390326],[1744191.2602864762,1470331.0071708988],[1745418.2835399506,1469814.5521532409],[1747351.1936618292,1469310.6708990782],[1749621.9456848572,1469201.1772146057],[1753396.8646771896,1468569.1456148289],[1756410.2138765566,1467527.7249214239],[1756650.3733537383,1465887.4744479004],[1756406.7605431676,1465547.1236164998],[1756561.5503801492,1464178.9774644747],[1758899.7508276766,1461532.8859130368],[1759335.5406583019,1464689.1842131596],[1760957.8914322662,1470344.8612749334],[1763640.6417951738,1476899.9877915643],[1767693.6566325333,1485761.0166014358],[1771459.8503889435,1492106.468118459],[1772939.4593228332,1494603.0163307395],[1778555.2806797058,1501864.3694159444],[1783915.3809947954,1510933.5761707854],[1784963.8466914617,1512710.7446849532],[1789961.1788647808,1519701.3246610444],[1792358.090129917,1522047.852994591],[1792071.0601749555,1522981.6564182378],[1791515.2124081261,1523432.001371678],[1789464.6381734593,1523807.9184280001],[1789057.88132304,1523558.8807847798],[1787612.4899335555,1520163.1871725414],[1786308.3671731709,1518260.8493375722],[1783037.7231771362,1512610.6917535942],[1780612.6293645194,1508847.6865402274],[1778031.0798214532,1504091.8830170035],[1775117.0549128822,1500204.3618476614],[1771617.7979783178,1495337.0661598612],[1770402.9806883901,1492970.6174736116],[1768935.0161012134,1490551.585444117],[1768151.7744153577,1489575.4889765047],[1767423.345170147,1488370.4072820731],[1766138.6413863893,1486210.2066805866],[1765467.4165977479,1484656.9809369985],[1764094.9235097654,1482784.6038612183],[1763587.678392713,1481920.0360639617],[1763503.6195835574,1480525.6711393744],[1758576.4676196859,1468741.4556755405],[1746078.1274800696,1471549.524438316],[1744776.5924519384,1471843.1553455479],[1744583.2543853621,1471886.7926279455],[1743950.7325495803,1472029.5906149279],[1743777.6232934629,1472832.1592837796],[1745064.4000571123,1473073.0710203908],[1748873.1049543489,1473787.3246406838],[1748307.7636480394,1475996.1633528266],[1746920.619293225,1481416.8572679944],[1747787.5980829753,1481825.6013219543],[1748255.8262710781,1482046.4015933536],[1750692.2444905371,1480297.7158903535],[1751584.7796537443,1474746.4568259083],[1751917.7044331664,1472675.2285539992],[1757775.1986297956,1471966.9450164288],[1757664.6774396205,1474816.442598084],[1757851.9979352586,1475777.6716032568],[1757971.5026808674,1476391.1318129115],[1758907.9467058526,1477615.5689115841],[1758972.6600415416,1477938.5439022928],[1758419.168669286,1479038.3040746395],[1759155.5329802334,1480051.7534324508],[1759613.9979548799,1480682.9056271221],[1760393.8579504129,1482648.4149450399],[1760910.7260010315,1484400.5522936489],[1761434.9536298576,1487910.2478253786],[1762464.5823718852,1488571.1948738899],[1762866.9474386724,1489968.8685865626],[1763287.5628804774,1490326.1073221695],[1763906.9677630134,1489786.6570956893],[1764180.0698953616,1489955.2850800846],[1764351.734640653,1490503.9696980808],[1764191.9352562306,1491507.1304222345],[1763871.7136066365,1493747.5302820951],[1764393.1814358721,1494192.7993614227],[1764770.4293409341,1494514.9715379868],[1765458.9173229258,1493633.7254984472],[1766098.7949281603,1493522.5112597682],[1766442.838974959,1493772.8513324633],[1766541.3466442295,1494434.5701433271],[1766648.016549265,1495025.3151361309],[1767313.8259956888,1495773.8033618145],[1769158.20715049,1496079.3780314345],[1770158.8527012302,1497426.1821744237],[1771028.3964049537,1499395.4128373154],[1771498.4772552112,1500915.4006069545],[1771872.8780528577,1501623.2781661581],[1773310.0410709213,1504342.0645627324],[1773803.1614723133,1504811.3958368488],[1773735.7005311025,1506381.0469532907],[1773508.9049793896,1507145.5192576554],[1771982.2742153071,1507748.8889186773],[1771299.8897189014,1508426.9116720185],[1771089.0960622272,1509576.7679751031],[1771175.023934525,1510196.0093149282],[1771379.9470916383,1510506.3247644659],[1771509.5054710009,1510866.989476651],[1771344.5260349314,1511806.988002507],[1770782.621959524,1512135.4669330474],[1768327.0840443783,1512878.2300657704],[1765053.0952148768,1513612.2462469768],[1763942.8789991213,1513582.4967330284],[1764024.4125213788,1513193.5194973033],[1764461.2830116635,1512675.9995446336],[1765617.1347867274,1511862.5152224358],[1768127.8469415598,1508978.5085403565],[1768656.0665769777,1507871.2026515827],[1768274.9739075117,1507182.0625158567],[1762542.4188168976,1506467.6344257127],[1762258.0696325817,1506570.562830817],[1761321.3821413673,1507592.6526890192],[1759296.594453729,1508793.4049750622],[1758055.6584487304,1511903.9261160325],[1757578.3557766131,1513874.9748756271],[1757092.1575160197,1514788.4688892942],[1754217.1509422683,1516299.7110045627],[1753769.8389658593,1516084.6060297769],[1753382.3966832315,1515406.184838051],[1753295.3077959514,1513332.3178068679],[1752809.6434416389,1511175.5138960835],[1753094.6434797603,1509307.8439034],[1752824.3937166452,1508609.1777872164],[1752329.327216363,1507992.318461962],[1749195.5564166924,1506570.0390882213],[1746855.622488806,1505827.5395150241],[1745115.6298077623,1504696.1851077192],[1740999.9309676508,1503580.5081411675],[1737275.692726339,1499822.5745453425],[1731208.9833386843,1493711.9211381655],[1723135.7551109602,1494813.1342371646],[1719340.9308495931,1495333.5977635235],[1718785.0356656667,1495409.9917328637],[1717040.6544758538,1496165.8819293249],[1710286.8705642475,1499097.2817590944],[1709908.9627675845,1499895.6199743878],[1709874.8978202587,1499967.5878607668],[1708287.508779492,1503322.1378150862],[1708460.4969130403,1504450.7398925014],[1708560.5932306126,1505104.0918641556],[1711015.4218532413,1504122.652462922],[1720007.2256949323,1500536.0043674875],[1726370.6930129686,1498005.5888800174],[1726804.3804220485,1497833.3705777749],[1734741.0572388473,1505804.6921743248],[1739182.9762464419,1510276.0954140164],[1739752.7849531528,1511035.9491329379],[1740447.4758543291,1511693.3749171272],[1741243.9037024542,1511858.0928858481],[1742285.7200533489,1512844.2842127141],[1743914.0526709647,1516007.6130156796],[1744409.0089118024,1516624.0139403157],[1744849.9782051884,1518000.076826876],[1744969.6176424723,1518924.1739851926],[1745810.982146444,1519869.5257382952],[1746271.2700462018,1522149.1469620522],[1746092.1828852417,1523011.2971267253],[1745410.160378102,1524796.7036870234],[1745468.3838747805,1525248.053192649],[1745529.3547027246,1525720.8292209823],[1746411.8202325529,1527959.9397981316],[1746422.6054425472,1530083.4888073895],[1748010.8182085752,1531596.97658021],[1747403.7665670638,1533909.2965581287],[1748493.7108014885,1534813.4366480261],[1749528.9898883419,1536707.8099247273],[1748893.5300183028,1538508.0509832222],[1746992.6245878364,1541850.5004477641],[1746430.3464268753,1541962.4974178728],[1741863.2066087783,1542159.3977325298],[1736555.5867626788,1541721.3663693657],[1735478.062938883,1542137.820613483],[1734527.0220077171,1542505.5436788313],[1730369.8802983656,1542129.9898116831],[1715257.0471193229,1545900.3494526604],[1708285.4187003141,1547650.295506753],[1701602.1710917051,1546766.1289764885],[1698758.3314459035,1549530.066206987],[1694972.3081373884,1551259.7828246383],[1694849.8928991617,1551994.0025688969],[1694534.719074422,1553884.2165774424],[1694988.574571027,1554091.3696587365],[1695900.7464736954,1554507.8113445742],[1699597.5156229171,1552092.1466229968],[1701540.9666933725,1551637.7819866911],[1706032.6162884608,1550589.6397370566],[1713347.7910635888,1550317.4550223267],[1714028.659020012,1550132.5599946035],[1720319.1693904204,1548427.4197972789],[1724467.1915718468,1550222.6446041577],[1734547.4410995843,1547726.7547961744],[1736827.5036581012,1548198.9523161482],[1733277.6190777894,1555890.9133520862],[1729249.1889948992,1560715.17554125],[1729534.1107686388,1561163.3815272609],[1730611.6415551989,1562859.0288542993],[1731605.7848545527,1564424.2971745739],[1735666.4988858334,1564165.6929090312],[1741898.047296613,1566522.2523802537],[1742547.1268382855,1568858.4502407666],[1742886.6620392464,1568746.0813668389],[1744004.4373118454,1568376.2769071283],[1743107.2523801692,1563748.0621861434],[1733517.3457622852,1561441.1182335047],[1739809.7419465801,1551508.9901763937],[1744092.6071493821,1549065.23780037],[1745512.9152585843,1548204.3147067605],[1746702.4574102864,1548452.1568779713],[1747389.1318879665,1549623.5045123817],[1747906.754405132,1550117.1183626857],[1748501.4382356117,1550241.1974346777],[1749720.197926962,1549852.9169277577],[1750476.7320959377,1548211.5475000367],[1751545.263841907,1548049.1250867695],[1752665.3358647686,1547640.6719205519],[1752841.7428515574,1547291.8790255664],[1753660.6538245906,1547334.6529076397],[1754471.5908266099,1548404.1799174557],[1754967.2772276222,1548507.9675632203],[1755686.988121473,1548530.1829800075],[1756634.7954265617,1547957.4754362572],[1758100.1871683861,1547879.1338376598],[1758867.4404192306,1548168.6593442997],[1759156.2592550551,1549257.7414012402],[1759824.2560142295,1549526.5491850805],[1761832.4086588267,1549819.9947806699],[1764047.8616315655,1549128.9848868661],[1765586.5584044682,1549195.9200886376],[1766254.3821133147,1549465.2213407345],[1766521.1366364951,1550164.285997387],[1767099.5710136017,1550286.2598372763],[1768106.7843826551,1550498.7493929472],[1770995.6337829151,1549565.8272853922],[1773076.9925345078,1550005.996285555],[1774370.6124474227,1549765.4871606426],[1774746.1439634287,1549459.1340675903],[1776185.8887582922,1549507.0082763219],[1776728.4032036208,1549879.3294041427],[1776493.549534027,1550986.9003832582],[1777137.3839806628,1552345.2657158384],[1777940.384851974,1552708.6874206755],[1780379.9664382772,1554384.519083431],[1782237.5047777714,1555872.9168651262],[1782777.967246013,1557467.3933464],[1782469.3348409836,1558430.6838203622],[1782090.7237978477,1558993.3157283766],[1781933.5060061524,1559731.7205107026],[1782162.1251578841,1560359.2309157019],[1782872.4171764033,1561153.8016734635],[1784050.0114097537,1561211.7216807157],[1785220.5018576139,1560818.1641791416],[1785563.8845293853,1561148.7085165707],[1785963.8331397804,1561941.7107906397],[1786116.2429209701,1562681.7886214498],[1785794.0077511603,1563706.5962801334],[1785818.0387307198,1564805.3378227009],[1786593.962506461,1566257.6690899553],[1786654.1441366312,1567428.5220930334],[1786279.1938954289,1568699.3978453437],[1786810.3662229823,1569842.2865147823],[1788712.3663908276,1571342.8535142066],[1788745.3827958002,1571671.5882187895],[1788313.8518996655,1572480.0201917458],[1788205.2874971784,1573228.7955255909],[1788369.2460524093,1575116.1022954835],[1789330.9553870535,1576366.7910932768],[1791471.7095415599,1577359.4247253155],[1791987.6675551541,1578694.7122776611],[1792829.9933843741,1581298.48675007],[1794631.3877300876,1583051.2672060542],[1794705.2410861596,1583038.591579793],[1796498.8997091667,1582730.9599629128],[1797967.7493937777,1582146.1566877151],[1802142.8807148084,1583679.1307260785],[1802688.9108782036,1584581.1224114737],[1802257.6580968101,1586145.1953691337],[1805454.3774807823,1589928.2277557291],[1804584.7185368992,1592316.6326658698],[1801879.1776697338,1593395.6754783196],[1801829.4823397303,1595764.2887525791],[1804654.0831110021,1596344.3775923857],[1805406.6622754857,1597882.2829745738],[1805108.8585565933,1599331.0270472616],[1802325.6881933485,1603720.3031185698],[1801650.1756309581,1606165.5528013827],[1801433.2001105833,1610144.3040561983],[1801013.3300416868,1612033.7103739781],[1799195.8408518499,1614005.0823505996],[1797403.7642320546,1618173.6400713287],[1794879.1908726299,1621262.5965456124],[1794320.5534674218,1622287.8536275811],[1792324.2137089549,1623726.6400256604],[1791431.6469002254,1624990.8575051781],[1787300.4368513133,1626262.4980873],[1786330.8570721538,1626295.0663062343],[1784662.4911911348,1625996.6511657294],[1782951.5207533208,1625448.1108818958],[1779831.2962708403,1623391.9779128935],[1779172.575386551,1622647.8975869352],[1779317.3387215165,1622196.5498403627],[1779667.5649662428,1621909.8075626893],[1780210.9245640242,1621845.2897952991],[1781424.5575549223,1620899.5264785858],[1781576.3368331371,1619967.3311508447],[1781420.2783337261,1619572.0975374468],[1781064.3622087277,1619435.4494996862],[1780052.6099287712,1618314.3163715918],[1779207.5947717438,1615962.9060959592],[1778934.5952997888,1615663.3241234515],[1777970.6464576416,1615215.959240023],[1778564.8468120946,1608448.3550206227],[1780196.1993723291,1600922.870407301],[1780200.6929520036,1589689.5757244034],[1780142.734116405,1589539.8199103205],[1779204.3488799727,1587116.3038788838],[1778257.7893953177,1587128.182220405],[1777531.5971587682,1587861.3255860759],[1777559.4636403085,1588555.2913667448],[1775861.6838702322,1589354.7891984945],[1773221.5818338669,1588168.3287587753],[1770445.1934085335,1589129.5753775313],[1770456.2069465148,1590115.2763196332],[1769254.0480236814,1589890.4594561439],[1768117.5918782102,1590871.4761670958],[1765847.8456090761,1589927.1246054936],[1765430.3590328177,1588911.3280048165],[1766346.4621331266,1587165.3470476912],[1765494.8285473555,1586042.9292104691],[1766070.2486360839,1585027.360205356],[1764987.9436122114,1583743.8883746453],[1765310.9995784853,1580809.6501136953],[1764190.5057775478,1578082.5484935576],[1762497.8867836122,1577982.9210756226],[1759051.1654470493,1578104.8735527731],[1757765.9703191891,1577426.7620692449],[1756649.0645859463,1577672.2328309296],[1757232.7492097775,1587186.6603980269],[1745073.2559626487,1585415.0880286228],[1732639.8801877326,1583682.4300685814],[1724566.6933973709,1582025.3258834444],[1713510.1038243591,1579783.7445751745],[1707688.1608730415,1578603.4690806521],[1706360.795750197,1578342.0672891596],[1705808.8139656077,1579859.1336658141],[1694992.6168074892,1570672.8173029236],[1692778.0791292072,1571368.0104747694],[1690253.843136291,1572009.5149338311],[1677557.1377515034,1576362.5359046655],[1676810.5073766601,1575454.1405161917],[1674016.7887796198,1576437.9830896696],[1673053.0260563677,1577484.9402012555],[1669461.179689195,1577267.6520895688],[1667930.434150167,1578517.4335299432],[1668498.0564160307,1579900.6018277137],[1659418.5132391127,1581844.2513745874],[1655622.5245371608,1582669.6417878168],[1654058.3242217805,1581599.5265551675],[1653121.2726018552,1579013.1706137741],[1651238.4212944333,1579023.7738756603],[1649102.0885106784,1577730.4432463823],[1646061.3102168501,1572565.1993855871],[1643853.3583479561,1570417.4877315536],[1634860.3838005734,1560538.376037579],[1634467.8024852059,1560150.0519015556],[1632213.9027315562,1557439.4214344332],[1633312.6479407861,1557328.8695329288],[1634355.5496082262,1555401.1153928144],[1637637.0229442408,1553335.0435175896],[1642011.5369759477,1549683.4719738513],[1643063.0427584548,1549730.0023728544],[1645883.5217117306,1548313.3538248483],[1647415.4684464184,1546677.5586269479],[1648470.9576256778,1547017.978689854],[1649967.3832858047,1546728.9672103142],[1652497.3399525259,1546093.1483321125],[1652229.0136104368,1543651.1792984027],[1653342.125776605,1542976.3267477229],[1654669.5569473391,1540074.3449075297],[1656422.5495706776,1538588.521242125],[1656937.6298072024,1536550.1832432374],[1657727.1697470432,1534779.0856564455],[1660060.8723549128,1533296.6742594652],[1660199.1911159144,1531991.1809416953],[1662998.9027771836,1528928.1936361957],[1664487.9323996601,1529679.5210953373],[1666098.0860221304,1529118.6854965575],[1666295.4667552831,1528461.695403846],[1665970.9821008118,1528750.7117441297],[1664574.3523523922,1527922.6376258954],[1664740.9437860146,1527278.9347289018],[1662945.5191246364,1526685.2706935555],[1663330.1483984306,1524847.7455595247],[1661976.8041539956,1523305.7827901319],[1664865.6383930955,1519375.0635205824],[1664492.9159787751,1517847.7387288623],[1661384.2076218473,1514877.6535986252],[1656345.0606931709,1515482.874448251],[1659609.5645693131,1508120.4738602899],[1653706.0144683586,1495818.1981222071],[1653479.5539674608,1495346.5450872388],[1643315.7502727057,1486152.51692136],[1641678.8016914851,1487452.8510059211],[1641334.6111044406,1488955.3740247432],[1640953.0011072061,1490621.5089218374],[1640689.594484895,1491093.2622540034],[1640456.1468760546,1492790.864275625],[1639522.3859156903,1496867.3262811508],[1636994.1775655919,1500589.8774418067],[1630536.5857574497,1503016.3037516568],[1625781.4302683524,1499640.7207588535],[1626105.3404113776,1498601.043621067],[1625587.9527387754,1498701.8376539778],[1622558.5749687206,1500899.3834763709],[1618693.3749046025,1499396.3668983206],[1617543.2174850381,1500571.3161548506],[1617137.2348955311,1501086.5040630996],[1613987.3465625579,1501369.505177103],[1613637.240423708,1501594.8317415807],[1610993.8011007896,1500462.2490077373],[1609711.3145245954,1499233.7931148484],[1608361.155928436,1498586.692383524],[1602839.2089169964,1498690.4649143815],[1601093.7621198255,1498724.0891096778],[1600928.4489001709,1500356.5405537207],[1593101.3147810877,1501336.8370977696],[1591787.3919826008,1502364.4731395505],[1586364.6884958202,1507087.2105963249],[1584412.4659464706,1506028.8127323948],[1582127.2019817296,1504735.0805715453],[1578794.6203663584,1502858.7585549895],[1577718.0445064167,1501713.4545777757],[1574233.7179063687,1501511.9211412035],[1573790.9132089948,1497260.5410504825],[1570862.1971697633,1497788.3436696772],[1571158.7536778636,1495214.9126978423],[1567954.1870979692,1497222.920640137],[1566859.6104420179,1497381.8720905315],[1566970.5839856269,1495653.8990327306],[1569350.7264495266,1494668.5003694315],[1570567.6016163747,1493197.228195671],[1572246.8012892359,1493937.0262859315],[1573329.0594734128,1492657.2505197767],[1575384.7967324725,1489184.539206814],[1578380.2380439315,1487995.7417820748],[1577087.9845556461,1486228.5823389776],[1578550.2178746525,1483248.0919255335],[1578106.2642516792,1478844.8563687913],[1571252.0787769894,1477855.2674207333],[1569811.8151513324,1476783.0145633947],[1569336.5987866113,1476632.4026522208],[1570495.1625593815,1473299.9985143933],[1568364.3850458018,1472818.8314494733],[1567559.2277775777,1472346.5925871655],[1565906.1263135306,1472201.7986051515],[1565344.1465380292,1471861.1936960462],[1565731.9071500567,1471596.7307387386],[1566107.5439288935,1471020.0781691391],[1567037.1410486985,1471111.2409420982],[1567529.2408647118,1470937.5246785041],[1567687.8461711279,1470605.2928048819],[1568588.6351369789,1470593.6419893801],[1568622.6521300077,1470535.3161556497],[1567528.6397495815,1468634.8883855082],[1563170.9051284709,1469547.3759531472]]],[[[1799007.9015583762,1624172.5160261914],[1799021.8246621634,1623920.7181948833],[1799515.8747381542,1623105.3085660627],[1801645.8363454316,1622405.1073668981],[1802247.9722024072,1621862.9122178229],[1802365.9054128048,1620981.3691381728],[1804206.6450879546,1619357.4908895763],[1804712.8551012815,1619352.7592990045],[1804994.305994333,1619350.141980866],[1806122.023095083,1618152.7667755708],[1806536.6797127679,1617407.099701195],[1807150.5953416827,1614798.4118087757],[1806040.8402770769,1613594.1175619019],[1806826.0158645655,1613001.1248939103],[1809472.4793953369,1613014.9751941087],[1810983.1352909647,1612283.6264177337],[1811317.2137794376,1612341.0250624968],[1811697.7409744207,1613157.9948352417],[1810463.0066564423,1616549.9749796819],[1810512.1387029989,1617560.5255742949],[1808091.1732714148,1620387.8506114529],[1807344.7170906682,1621069.173386747],[1806156.7289410739,1622153.8319825148],[1805366.4970047248,1622192.435384253],[1805056.8317688936,1623230.2358205961],[1805272.9898529202,1623666.5949131371],[1803675.6239393763,1624403.5367613146],[1802610.6927120276,1624624.8093161955],[1802097.9309401722,1624967.1585506126],[1800800.8377110932,1624968.9024475496],[1799662.490475679,1624757.7554459944],[1799007.9015583762,1624172.5160261914]]],[[[1786215.7906978212,1654803.7903920114],[1786330.51918906,1654725.9557177974],[1787325.0688927011,1653101.9080396378],[1788638.5113302097,1650980.447521409],[1791078.702454651,1647247.9675315935],[1791661.403555363,1645993.0307581229],[1792017.5296023097,1644886.1852763798],[1792572.5971370256,1644003.0891432334],[1793814.5085138071,1641017.8240542654],[1794575.9594839963,1639188.0510370163],[1794798.5066678175,1638270.983786094],[1794882.9763147945,1636992.2045648154],[1795180.6777112852,1636061.2843982577],[1795622.7764823847,1635463.2088314984],[1796524.9942995582,1635628.4642269751],[1796668.8618265223,1635541.9375207294],[1796967.4748048431,1635362.3553386433],[1797132.0850613392,1634824.8714585965],[1797009.8217522949,1633501.3027233891],[1797213.5545738095,1632338.8928542221],[1797687.0821067938,1631596.9000634849],[1801274.063127155,1631456.9729577862],[1801813.217491966,1631436.0761967609],[1802640.3253286113,1630620.2487893123],[1802716.9092416603,1630506.7393171927],[1803101.851253802,1629936.2367449161],[1803382.9078164669,1629193.6587927276],[1804022.8980745559,1629129.9093693737],[1805523.7016550482,1627704.5114408685],[1806890.5239543966,1625905.0810959889],[1807758.0347239671,1624788.1612259699],[1808687.2890034448,1623209.4977683416],[1809123.2581977446,1621382.3850606065],[1811613.3038619219,1619057.7600314412],[1813229.1103001935,1616845.7862274088],[1814877.7000250709,1614702.9321285486],[1815656.9638485913,1613927.6869067634],[1816578.1339634934,1612343.883381458],[1817645.8506081565,1612091.8074267395],[1818200.100820533,1611103.3131672638],[1818779.1433634714,1610581.5611566445],[1819366.8477189676,1610759.0212742174],[1819492.1569358401,1611618.3979759151],[1818751.2614760716,1612604.6431153398],[1816972.2989558936,1615055.4459099602],[1814459.3450560994,1619220.1736141406],[1804827.6537946651,1632202.7749430165],[1802961.4136184149,1634722.9036822291],[1801957.2536965087,1635904.4775677128],[1799838.1558463443,1638399.2074142089],[1798271.868730769,1640244.2102760412],[1796514.0378152851,1642522.9903039439],[1795532.5794900695,1643795.8680693423],[1792816.0674595267,1647860.754287974],[1789774.4732062614,1652980.5348840822],[1788068.2028348758,1655445.9734476488],[1787947.4489312726,1655659.1915021865],[1786215.7906978212,1654803.7903920114]]],[[[1794201.5521753842,1523869.4246447962],[1794159.7044690782,1523461.9886755999],[1794401.3243520104,1523113.8045690376],[1795304.8134936125,1523921.7134111058],[1795438.1521474009,1524115.2963054962],[1796624.3376611357,1525837.963461699],[1798053.4014279067,1527388.8439434208],[1799439.3058977718,1529138.4315631185],[1801904.0282458062,1531327.2873503529],[1807566.3222318825,1536177.3884167727],[1811558.2882788631,1539425.8847248834],[1813126.4607128685,1540699.1142151924],[1814102.6745325539,1541221.6036431156],[1814803.3899471001,1541616.7735407781],[1816491.964337755,1542569.4203643491],[1821022.3916578349,1545628.9790762514],[1824021.5162419828,1547631.1816359097],[1826088.016809993,1548912.0236707665],[1828640.1409983877,1549884.1303594764],[1830377.5352360844,1550367.2694052849],[1831823.3509536854,1550267.7642606869],[1832871.2906878497,1550199.554145446],[1832923.474223021,1550309.1740332311],[1833359.0554769866,1551224.3418606855],[1833368.588002837,1554395.9975474412],[1833387.0538232471,1561103.0649023214],[1833027.1742039963,1569232.739928361],[1832272.8829076656,1579147.2182036266],[1831276.8560551312,1587402.5548350252],[1831264.3786195433,1587487.4392571822],[1830823.7590227961,1590484.4425145183],[1830579.8416808269,1592182.5210650275],[1826816.3756249645,1600759.2783380775],[1824134.6759022938,1605888.4882008508],[1823234.3237844468,1607341.4436759092],[1821155.5192659742,1609886.1213095048],[1820659.9300894632,1610291.228163748],[1820232.225495199,1609954.5374085139],[1822080.6629865943,1606291.4053224325],[1822120.0158480711,1606170.1468957905],[1822576.7813488303,1604762.800761194],[1824293.7773866467,1600427.5335269189],[1824362.4790313651,1600340.8508342067],[1824615.9003844103,1600021.1186648617],[1825399.3849189882,1599032.7882046159],[1826775.4550541702,1596631.6637533316],[1827776.7779541935,1594388.3643379454],[1828764.340312371,1592095.9327944946],[1829568.4384736218,1588430.2665004684],[1829873.6666161825,1587038.8138545901],[1829903.2343640097,1585382.5160114719],[1829742.4865236755,1583895.1556370221],[1829976.5049596932,1581950.3858600119],[1830324.20185888,1580798.2503670845],[1830708.2476441951,1579427.5415330622],[1830731.9536472515,1578608.9626687029],[1830809.7142086492,1575916.6500537181],[1831048.4391680248,1572539.7950733835],[1831380.709658629,1568352.3802906405],[1831419.5855730602,1566076.281176867],[1831491.1897796621,1561846.3497059196],[1831514.0553568648,1560485.0835556518],[1831750.8094611331,1557108.3724520346],[1831591.6375179719,1555598.2454253817],[1831560.2436163868,1555300.5859638611],[1829495.1933788483,1554064.6986069717],[1827703.0373571806,1553433.8822355093],[1827337.7971554769,1553633.5679362928],[1826249.8897171144,1553755.3766883155],[1826224.2426315374,1553430.5495525412],[1826327.6148522582,1552807.4068464739],[1826381.3034073487,1552267.7033136161],[1825112.3397370998,1551153.2832566136],[1824040.5128391364,1549722.8681898164],[1823218.0382325938,1549014.1699057724],[1821289.7586440821,1547867.8760284828],[1820308.509848783,1547758.5702049211],[1819626.6559903026,1548124.9217517506],[1819442.3421807783,1548084.9060029546],[1819176.4437074128,1547827.696911186],[1818758.1469791336,1546798.9240164179],[1818401.1847773932,1546513.7522303946],[1817693.3437470319,1545529.5772308921],[1817000.8884335314,1544860.1808414785],[1815694.6683806062,1544001.2578412723],[1814750.9598937638,1543646.1658151094],[1814077.8515893829,1543109.1207140442],[1814036.5860510098,1543076.2005427005],[1811384.0331717816,1541912.310956643],[1810852.5352442947,1541142.2268377542],[1810260.6652341315,1540391.5715434588],[1809355.6858428826,1539679.9136058781],[1808851.1108259896,1539374.7381383218],[1808843.2703843368,1539369.9965445958],[1807154.997427268,1538476.2857492641],[1802862.1999368791,1535061.8212359902],[1801612.0758822137,1533859.274530258],[1800580.6874924437,1532807.8150152564],[1800417.7195434661,1532651.1519430038],[1798217.7094276296,1530537.1476505119],[1797218.3133414513,1530115.7598482091],[1796521.5391764769,1530344.3102508802],[1795622.3649704012,1530032.4436957296],[1795274.6491267998,1529400.0562898889],[1795306.235985423,1528649.4275854006],[1795608.7020993577,1527837.1250642166],[1795568.0413431448,1526857.3252938874],[1794956.9809061564,1525792.9811540432],[1794201.5521753842,1523869.4246447962]]]]},"properties":{"OBJECTID":327,"AREALAND":"17741590629","AREAWATER":"8820483286","CDSESSN":"119","FUNCSTAT":"N","GEOID":"3703","LSADC":"C2","MTFCC":"G5200","BASENAME":"3","NAME":"Congressional District 3","OID":"2119035952747013","STATE":"37","CENTLON":"-077.1441406","CENTLAT":"+35.1768031","INTPTLON":"-076.8584103","INTPTLAT":"+35.2180338","CD119":"03"}},{"type":"Feature","id":378,"geometry":{"type":"Polygon","coordinates":[[[1482656.341096581,1545147.6648848988],[1482397.2096928612,1544233.3933782894],[1483988.795216996,1543963.0184903005],[1489927.6763487891,1544338.1642261781],[1490604.5266675856,1542410.8691484341],[1492320.5531927422,1541048.0166584775],[1493591.9566856534,1541449.2199078295],[1495236.1095139561,1539885.4999032728],[1495020.9463503526,1538159.9755532984],[1494389.9028990979,1534486.1725972537],[1495000.3832184118,1532656.48520004],[1497814.8048024448,1533320.6009206083],[1499816.243437716,1532369.6202382464],[1501516.5046909733,1534732.2354047149],[1501549.5624049248,1534760.4399291575],[1501497.4321693834,1534970.8432862423],[1501461.9773316064,1535156.8205828443],[1503393.2341672704,1535453.7162752729],[1504311.7287789213,1536540.0219707377],[1505395.4946058439,1534909.0442781057],[1507210.6584467867,1535027.1979646794],[1508556.2430169124,1537641.7166685928],[1510056.8743641428,1538114.1148355342],[1508817.0442641736,1540941.136498753],[1506583.2239374428,1542928.848052281],[1507448.9138082357,1543521.0090955226],[1508544.0082245346,1543902.2356614806],[1509962.7419823064,1544447.5803403938],[1510809.4416679393,1544531.3933737809],[1513404.3099040277,1544847.2741924971],[1512978.1422653475,1550650.2224446461],[1513990.2693339817,1550845.9156646645],[1516818.769524588,1552040.9389748005],[1518046.3928042676,1551693.0101886438],[1517376.9337628088,1554340.6541418675],[1517369.2697545437,1554786.8032786082],[1519161.363735046,1555857.7668781066],[1521097.1260928113,1555144.4967113901],[1520282.5995719451,1558548.1528507639],[1521751.1879600778,1558873.6298650838],[1521788.8177970459,1558364.3643878484],[1521446.4169694199,1555658.2619882589],[1521104.2075593863,1553520.2846478065],[1520869.8644727892,1552663.9690533737],[1520845.15550448,1550101.4995030519],[1520512.1964810421,1546589.1421892736],[1520412.8907732109,1545496.5267334646],[1519261.1124951837,1535313.454343766],[1518885.3739694671,1531344.7087753005],[1526385.694753218,1529739.1608524099],[1532206.5355351144,1528606.1686614994],[1532684.7282258403,1528513.2711367905],[1535137.4956608964,1528040.0787933804],[1536224.9770613767,1527831.6979679726],[1539374.8383625767,1527231.7626992986],[1539603.7183921146,1527186.9815913215],[1539366.1832434137,1527534.8346033096],[1536931.4689115214,1531511.5777379796],[1536654.5402367585,1531638.5473110303],[1537107.374898274,1532532.6399525348],[1537852.2579397983,1532706.4809943233],[1537088.6476870147,1532651.8958294578],[1536010.1289190657,1533578.4672737364],[1535847.7841881583,1533831.5739696361],[1535370.9545301667,1534604.7229910046],[1534351.5751919565,1535443.7115591224],[1534907.1227591485,1535698.4691444095],[1535279.3957288449,1537996.865095485],[1534007.0973834863,1538229.0765720662],[1533099.939049917,1539009.6881847624],[1534356.7595310558,1539528.636103699],[1535096.4251087289,1540786.7089807633],[1535559.4107963906,1540328.559333289],[1536994.8324505563,1540696.0424097702],[1536212.6142806693,1542746.0024818806],[1536090.2980319082,1543302.7043643678],[1536852.2234979754,1544294.7162971841],[1537547.5563663936,1546021.6554928441],[1538156.7033435137,1547251.9879362816],[1538266.5629143075,1547854.4980178885],[1537181.4519478644,1547954.0904128933],[1535730.4794174857,1547956.4887502799],[1535279.1151417331,1549068.3684323542],[1534828.3245174701,1550061.0825116718],[1534633.3951579304,1551024.7558418],[1533535.8009771877,1550585.4337594416],[1532095.0311026322,1550292.9399404675],[1532085.9396599212,1550181.2152473023],[1531998.7073226634,1550182.9067427879],[1531816.306190589,1550154.4521835232],[1531741.9921879258,1550208.5876686834],[1531671.4796656629,1550337.6275760746],[1531725.2448688045,1550412.3325395593],[1531151.526879085,1550842.0645750938],[1531142.0344930459,1550859.109547914],[1530204.3704243675,1551574.5337316748],[1530744.091419149,1551810.4002207471],[1531082.4220071468,1551160.8703701328],[1532213.1418050744,1552096.0445127664],[1531175.8763215444,1552122.8666876163],[1530418.5277870549,1552466.0277259862],[1529819.4228888226,1553540.3959736535],[1529687.5764943312,1553847.4082995262],[1528303.3758147445,1553681.7737120781],[1527446.8145024492,1553288.4453040343],[1527417.5175740453,1553275.8186115408],[1526110.7604957991,1554458.6391044939],[1525503.0359728481,1556489.8140262989],[1525923.2202967387,1557048.6078270767],[1527684.6910252173,1556820.8061270947],[1529366.6623509252,1557305.4551388305],[1529595.6236225173,1557539.530484762],[1531228.0403262265,1560261.5723318029],[1531412.4948309655,1560951.4373410195],[1529769.9869020898,1561909.3634604597],[1528367.6890431708,1562735.9106622543],[1528520.3174207483,1563824.882095593],[1528719.4423791033,1565269.5512882341],[1528939.9437565394,1566818.793918536],[1529156.3188686422,1568365.2773382999],[1529219.9905170749,1568816.4366836166],[1529559.2769641958,1569339.1976399748],[1533500.0019273094,1569085.4281863254],[1533518.0262484748,1569448.1421581563],[1534050.9769227284,1570881.1254793582],[1534681.1706775716,1571067.8587831752],[1536337.4733615071,1574486.6773399469],[1536498.5596252857,1575391.1886910209],[1536548.269709632,1576025.9889859054],[1536829.6738358561,1580288.7488122955],[1534695.7009210216,1581964.2671122868],[1531702.9151676176,1581618.8166124513],[1531334.4353571907,1583421.6252576457],[1531139.4596917648,1584356.5914053014],[1531110.8142704973,1586001.8197656749],[1529774.8561644312,1585801.0427172035],[1528838.8442571273,1585659.9850794291],[1525844.1175378086,1586911.0162640307],[1525976.4973358004,1587468.269721848],[1525935.6777767702,1587800.982849461],[1525225.7527559523,1592036.9388498841],[1524382.1487241872,1597082.4338012803],[1523302.8253259505,1603353.3651016811],[1511795.8947819921,1601618.4128516112],[1510241.7053059912,1601375.5619612793],[1499626.1311830534,1599647.7576118875],[1492364.2850950079,1598443.9428073838],[1483220.0113451562,1596989.5804964472],[1484145.4538620738,1591571.2836678717],[1484806.425629481,1587483.7871449701],[1485474.2744898554,1583355.761119443],[1485692.6082915748,1582005.9360193387],[1485935.172400305,1580506.1897817226],[1485939.1094577264,1580481.5242353845],[1486211.1757965463,1579052.791374879],[1486271.6700662381,1578360.4746486042],[1486419.4041258809,1576882.447607955],[1486784.0785467734,1575089.1798154833],[1486876.8597791512,1574483.2739558136],[1487933.8523627501,1567149.7900766619],[1488101.6222566955,1566682.9434336722],[1489148.9385969327,1560583.7421223177],[1488874.4194608442,1559973.960821691],[1489929.6741355753,1559463.0857400615],[1491157.2233363159,1556698.5133471722],[1491471.2611293169,1554498.8771920167],[1492873.7450662872,1553300.8140007015],[1482943.5532594498,1551498.3811915824],[1482656.341096581,1545147.6648848988]]]},"properties":{"OBJECTID":378,"AREALAND":"2726988314","AREAWATER":"75959926","CDSESSN":"119","FUNCSTAT":"N","GEOID":"3704","LSADC":"C2","MTFCC":"G5200","BASENAME":"4","NAME":"Congressional District 4","OID":"2119035952747015","STATE":"37","CENTLON":"-079.0214946","CENTLAT":"+35.9427096","INTPTLON":"-079.0214176","INTPTLAT":"+35.9443640","CD119":"04"}},{"type":"Feature","id":52,"geometry":{"type":"Polygon","coordinates":[[[1249351.8333498763,1565359.9539035],[1248720.4087276368,1563578.3006239068],[1250445.7633533913,1563078.2570474716],[1250989.4356687418,1561050.1625701422],[1250561.4499690807,1559780.4547373019],[1251133.7449644944,1559210.9705193071],[1250435.3253545254,1558344.8012125297],[1250278.5361019601,1557286.7881108196],[1250691.8986396482,1555863.9153316328],[1251543.6870339653,1554778.1268468751],[1252842.1059337119,1553944.8096600827],[1253219.8846543026,1553190.9504710576],[1255638.2628204406,1554031.5236229915],[1257081.245340422,1552640.4950779909],[1258495.8384798644,1551667.1486410042],[1260092.9157234842,1547840.6091796653],[1260881.4504694364,1545890.413904489],[1261116.3706702671,1545549.0749076372],[1264541.7112549376,1544608.2266577249],[1266277.5697891896,1542436.9449049877],[1268453.9017084523,1541680.7846504012],[1263904.2273939024,1529031.8672570419],[1263787.8272661502,1528655.6099830586],[1266753.4736108717,1527817.2103843708],[1267235.1682723493,1525576.8458205741],[1268744.5248943518,1525969.0300959554],[1272030.5259629358,1522217.804153854],[1273972.3968128425,1520705.1621118058],[1280661.8189466414,1518702.1951919496],[1281503.4629418515,1517402.5081281289],[1281774.8173618531,1516836.5470889695],[1284453.6740899105,1516647.0101763513],[1286479.9800681928,1514649.8229838014],[1289226.7413476275,1511990.1661424227],[1290026.0120690609,1512075.1367471945],[1290500.3736139566,1512360.1266591437],[1291963.0793023591,1512691.4631278981],[1293894.8767483409,1513065.1537252609],[1294996.5334295032,1513216.8159737736],[1298010.4277795921,1514173.7194338609],[1298831.8125145426,1514340.1139373239],[1300403.4981685628,1513150.9512659423],[1303435.5639994058,1512028.645722067],[1305409.3213433626,1512229.5071814246],[1306413.9957397017,1513537.5738276858],[1307347.422093214,1514072.419630751],[1306927.675000191,1514967.8271981981],[1307451.362977223,1516552.112764392],[1308538.2217503004,1517094.5801686328],[1310153.3141747073,1517411.2509138025],[1311074.2833377484,1518199.6418621112],[1311577.0324246907,1517800.9531774968],[1314195.3882315194,1518902.8665392175],[1315465.2273161972,1519654.0970154796],[1315564.6682109307,1520280.4958263133],[1317261.8884872838,1520289.2822950799],[1317690.6612827778,1520122.2032864038],[1319506.9725456252,1521813.7749122176],[1320817.2594028481,1521972.4937239811],[1324311.7296718941,1523267.2973055914],[1324987.0417556323,1523170.7090396956],[1326852.0369981772,1519229.6004927084],[1328773.527363962,1518035.7081614025],[1331020.1607884197,1521358.791587403],[1333380.1319883582,1527977.1079583038],[1333827.2495214092,1531688.910826195],[1333829.1040210819,1531706.8922684919],[1334777.5510845606,1539586.1729493458],[1334725.0936273208,1540037.6153267175],[1334289.9195884613,1543868.4173363149],[1331186.4664108902,1548921.5267139487],[1335641.7335226012,1551122.6027032109],[1343990.0649376332,1552107.1156387692],[1343094.389680804,1559257.2555844178],[1342564.6474857328,1563803.0152500561],[1341523.5828070163,1572194.8188323388],[1341875.5429429393,1572524.5950889206],[1345865.9559204276,1574472.9089655532],[1348001.5430541155,1574559.4616285423],[1349407.8304535933,1575687.0920635881],[1349199.9747837253,1577454.3925557639],[1349943.4175879571,1577954.5020434409],[1351715.7015541794,1576909.1492299745],[1352685.3823871657,1578993.2126416452],[1353204.4780532392,1577620.9962418396],[1356881.5245147599,1578140.9291963698],[1359143.4175480481,1576713.9083429659],[1360905.3359559702,1577562.3115781369],[1361108.9839607328,1579486.7836653301],[1362374.3166260126,1579736.7321923012],[1362008.7664067247,1581323.1976856105],[1365528.9426707074,1579890.2843887517],[1369221.7152397388,1582262.7610996785],[1370202.7643497195,1581904.4749152111],[1370924.5293507241,1579487.4215875156],[1375507.5571739452,1579971.0555640869],[1376826.1654813788,1580607.8467487609],[1378393.7617076247,1578804.0110015199],[1378095.6178301899,1581009.7216853807],[1379603.3760309364,1581243.6673407368],[1382169.4897408308,1581655.4526942074],[1385682.8484908461,1582202.7692214577],[1389983.7190000305,1582853.1954400307],[1390542.6806723,1582940.5150615647],[1394816.7449122807,1583597.3121068021],[1397131.2602068426,1583953.0268813213],[1399145.2155990612,1584262.178408388],[1401258.0007501037,1584585.0159250321],[1404932.2334343691,1585145.9540426647],[1405074.4692701695,1585167.7470097179],[1406417.27379199,1585373.425241421],[1414776.5074920894,1586655.9208860602],[1415233.745112634,1583499.01464405],[1415605.7971041645,1580812.6738243476],[1416005.3746492045,1578050.0522428127],[1416175.7898555363,1577383.0627416419],[1416474.1194514511,1574728.2863982515],[1417170.0916405565,1569821.9146168595],[1418109.3769996092,1569738.6937366016],[1419233.7356468355,1569459.5783178117],[1418979.236193845,1573374.3622549437],[1420262.6088659803,1574017.1630781582],[1423721.2627425599,1573086.9057018729],[1423742.9163151851,1573015.046665174],[1423782.3423396614,1571241.7866459833],[1424188.4579888524,1570903.7045808965],[1424230.1934609648,1570860.6026612632],[1424298.9073723548,1570745.7552399449],[1424435.1776817255,1570475.0799738038],[1424472.382821202,1570419.2782069072],[1424630.3541837784,1570310.2153235981],[1426990.897652634,1568859.6752319811],[1427288.8151224169,1569219.8927566195],[1428517.2108421414,1569931.0904750656],[1429920.6794503757,1569949.7327049039],[1431173.429012724,1570362.0549579421],[1431528.3954631139,1570428.7491586814],[1432243.2106247004,1570881.2773663774],[1433959.5141898699,1570956.4938940499],[1435055.5351841969,1570709.4116277797],[1436140.4169142907,1570412.3661672892],[1437584.8628773347,1569877.1730675539],[1437597.7881117119,1569727.2413636008],[1437662.7382686979,1569127.863197864],[1437433.5733345472,1568386.3276398927],[1437020.5570323025,1568251.9224594748],[1436273.8324790867,1566724.9702592809],[1435872.8059692115,1566066.4983563768],[1434402.0574444812,1566262.4618850658],[1434177.5233893571,1564951.6243341248],[1433704.9082718112,1564147.9831577539],[1433696.0615333552,1564046.8236442739],[1434055.0207212998,1563075.449489261],[1434186.3686164964,1562442.9589000605],[1436076.502508868,1561984.1067215493],[1436579.0871855915,1562427.4994352395],[1436925.7822698182,1562195.7063824162],[1439249.1441729814,1562500.5197257865],[1439784.8039591843,1561765.9191773674],[1439747.0240336938,1561871.6834103512],[1440948.7611458863,1562938.298879412],[1442262.2698384938,1561097.2906488441],[1444981.0290004197,1562017.4950463362],[1445585.3126152267,1561455.0317281401],[1445879.459708119,1561510.1729308432],[1447475.3950051845,1565538.5141938422],[1447230.5157537744,1565640.470148108],[1447840.3532815729,1565952.9804587681],[1448726.94050175,1567240.7806452941],[1448776.9632281917,1567251.2661152584],[1449143.9588092202,1567847.6777856685],[1447844.3668606826,1569711.2657930981],[1448597.4488570751,1569944.9372105664],[1447215.9318411388,1570223.7885825653],[1446824.5537758635,1569717.7894977583],[1446040.1605591814,1569594.337914018],[1447994.1718176825,1572463.3860259801],[1447310.2332294511,1572996.9539089128],[1446006.589147076,1572609.1869995845],[1445366.1417949493,1571967.1759818923],[1445177.1000476694,1570825.4760390809],[1445160.893408535,1572331.2799314903],[1445983.6498069826,1572730.2371481657],[1445803.9606469118,1574355.20855531],[1445704.6293596395,1575864.5366040664],[1446071.8976954287,1576445.0274919737],[1446515.378105253,1576315.4140145993],[1446213.6874394913,1580388.2673164485],[1445740.0439180657,1582906.2831894448],[1444886.2800892163,1583221.0437723454],[1443174.0695395113,1584192.8955100412],[1441568.0008653279,1583550.0021400498],[1440823.8590193419,1582280.4072537264],[1439186.3535934326,1580467.5067186793],[1437726.7344875657,1581416.1091695298],[1435556.3185688611,1580472.3325103186],[1433677.0171783527,1580340.190601212],[1433604.7523390311,1580285.9631576436],[1433570.6445807349,1580238.6293045795],[1433430.6655528098,1580176.8675632793],[1433135.9334139938,1580164.6777117597],[1433093.8752501605,1580177.3442783765],[1431248.5636210942,1579822.6202801345],[1430959.5566608626,1580072.0421111668],[1429957.7441732599,1586675.1989263603],[1429598.7209127769,1588569.4365784181],[1432137.1893680671,1588867.0983407116],[1437114.2335150486,1589503.4679982411],[1447315.568064352,1590867.9490000922],[1459189.2908603312,1592522.1002071099],[1459078.5502638461,1593436.2336371839],[1458042.5765647185,1601763.4517482277],[1457010.0258485503,1610064.2920014085],[1456316.5109756249,1615639.8563540978],[1455162.4989532472,1624916.812930366],[1455048.4271291869,1625831.8900773432],[1454682.7948603234,1625770.9708281634],[1446964.5594975974,1624488.8641379755],[1441643.6979214002,1623609.2809000378],[1441601.5740220966,1623601.9691207781],[1437443.0515371859,1622907.4136466114],[1435951.1258136146,1622658.7536797989],[1429316.3813619446,1621556.2695272174],[1426375.3218623989,1621069.2985994024],[1424251.1254452271,1620718.2458858779],[1422355.0050130819,1620405.3566154074],[1420841.2930184973,1620100.9034923781],[1420321.5214085039,1620012.4384952793],[1415391.8634827731,1619175.0750901988],[1415344.8372794942,1619170.1334335124],[1413551.0040060407,1618864.5285819368],[1410119.4107944726,1618281.0181826791],[1410113.2893692194,1618279.9922366608],[1407828.3028538022,1617897.330987243],[1401815.6663795186,1616893.4933765037],[1397663.7642530554,1616256.1425558366],[1397479.4480543702,1616228.4487321377],[1397362.823242873,1616210.3301984482],[1392771.9588679327,1615498.4351837793],[1392765.9102620822,1615497.4989857348],[1392513.95399394,1615468.8085986096],[1388287.9668900208,1614770.7355918121],[1386652.2720124959,1614501.1341293072],[1374606.4551951913,1613210.3322374448],[1374515.4229149274,1613204.7090557693],[1373855.603849509,1613132.9154927712],[1373834.3164434321,1613130.5518027805],[1370310.0849025042,1612739.9800265515],[1370290.4213418905,1612737.8050484797],[1362931.7687291331,1611927.1479273699],[1358675.5240063367,1611461.2544998042],[1357551.6942617802,1611338.6044937149],[1356832.3214381542,1611247.6253318042],[1355037.2433476003,1611020.8761181589],[1355034.2822273024,1611020.6219844557],[1351253.727268341,1610697.0127087561],[1350475.395434302,1610630.6023288155],[1348241.030623123,1610271.5663079722],[1346966.5304500104,1609986.4449878708],[1346966.4560760385,1609986.4283601567],[1344486.1003153606,1609432.1380538428],[1341828.2148279026,1609060.4587471802],[1338953.812844455,1608409.1467571678],[1338906.1238397914,1608397.3879303737],[1338878.4465403538,1608394.3957662461],[1333253.6614120302,1607788.2227540072],[1333248.2571552482,1607787.6422272343],[1329493.8996040453,1607335.2447875608],[1329346.9782515147,1607327.428694034],[1324276.6118654942,1606568.1568445191],[1323596.9747441993,1606550.7853723858],[1319397.4766455153,1606172.8698244197],[1319132.0454314863,1606135.7863099547],[1318498.029773928,1606047.1388952518],[1317257.7083312438,1605873.8604170615],[1317081.277770777,1605856.2742602369],[1315473.0153347731,1605696.1394439414],[1313580.8055518959,1605508.1315733474],[1312086.529057509,1605306.4687867295],[1311045.0955218959,1605210.426180019],[1311042.9244606411,1605210.2260952108],[1309485.1507263058,1605066.8099876363],[1308987.7462072971,1605090.6362542966],[1302561.77218513,1604229.9356161505],[1301455.8316610144,1604136.2214284809],[1297476.5404341603,1603639.809011546],[1296070.5382086171,1603408.8378429124],[1293473.830653751,1602982.9053542316],[1293468.3362906468,1602982.0050827665],[1291585.3503330818,1602684.0260590678],[1285642.749423617,1602007.96322376],[1282584.4679717252,1601944.2849444812],[1281472.9080341053,1601615.0357324211],[1280826.0706319935,1601578.2025178829],[1280544.2218036111,1601562.1687651072],[1278674.5313629522,1601354.2081970125],[1271562.528326063,1601001.7802902404],[1270072.2878988355,1600801.9239299083],[1264830.9626688163,1600101.1600948237],[1264646.6255594282,1599778.6770461397],[1264854.1194494197,1599062.3416058496],[1265087.7841602894,1598586.5737581244],[1265167.3477152528,1598180.7728000749],[1264948.4435750027,1597909.5837443806],[1264390.3885483551,1597745.5550814988],[1264043.8127208371,1597783.6092483159],[1263894.7129319776,1597424.4696304761],[1263975.7302090065,1597090.8374686958],[1264205.4320576263,1596779.87736014],[1264357.3010254649,1596380.1764600798],[1264340.2253027272,1595951.7829151088],[1264057.3872337271,1595560.9148565019],[1263812.718707501,1594988.5585397081],[1263678.2363632058,1594441.8732095901],[1263726.6839877006,1594122.3404286774],[1263035.3639471526,1593947.3049464831],[1263077.8839254437,1593489.667281853],[1263239.2219271879,1592832.9517842941],[1263777.5526570426,1592259.2121889368],[1264038.2156117372,1591717.8348205956],[1264095.9011221891,1591609.6540943496],[1264160.4758099359,1591474.986118353],[1264197.2321988791,1591324.3170966143],[1264397.8809637879,1591008.4942818526],[1264405.6060883123,1590907.2414657231],[1264497.5231378977,1590620.1394546647],[1264451.6982350133,1590519.8304051189],[1264334.0404055524,1590139.6546609029],[1264312.9493709416,1590092.2698114617],[1264381.4101803438,1589824.2713705469],[1264540.7225323278,1589758.1275307536],[1264646.9629458946,1589651.8738897834],[1264730.500792199,1589353.1931076404],[1264842.3901638743,1589164.748626166],[1264836.2014397217,1588388.6113889506],[1265079.6767599231,1587378.7620363459],[1265224.5291908723,1587283.3534208732],[1265270.333264217,1587156.6075218264],[1265292.2627303766,1586551.4041207479],[1265111.6614763879,1586164.7452300759],[1265015.2341219285,1586061.5244184704],[1264848.3127172077,1586064.8803910697],[1264252.2553215725,1585748.5089889923],[1263752.8713160797,1585106.7176820487],[1263800.6795047489,1584677.2085028561],[1263911.4042324303,1584423.5456268899],[1263983.0894779447,1583988.8175750198],[1263939.2942456482,1583674.8181492202],[1263960.6309925332,1583332.2778545143],[1264035.9973845496,1583036.3275887407],[1264070.1327574954,1582810.9459346309],[1263978.0753886902,1582412.7147603733],[1263962.4413274336,1581914.3534047138],[1263821.3268228217,1581187.7466841033],[1263133.2930872815,1580277.5558136329],[1262782.6498621718,1579988.8724074643],[1262476.3017873075,1579649.5818728181],[1262425.3219676085,1579180.7960137883],[1262510.5054896711,1578617.3869478703],[1262733.3670750449,1578151.6048030956],[1263135.3355693193,1577915.5850138189],[1263384.7564899519,1577673.8355054362],[1263502.633441146,1577499.5336590027],[1263601.9957109611,1577245.6231088033],[1263606.0785160989,1576669.6107232366],[1263529.7232490629,1576312.6496114014],[1263526.9587945442,1575927.9655459775],[1263716.1205684852,1575680.1636903817],[1264250.6849586824,1575175.4733218672],[1264506.6788670998,1574693.1004030472],[1264563.5392449279,1574317.4395818366],[1264633.1380374148,1574059.0328610549],[1264785.0797991413,1573659.4752854249],[1264932.8219199376,1573489.7077044239],[1265246.6533327436,1573229.8779634116],[1265651.3858716178,1573175.847346127],[1266243.1058871027,1572884.5084460573],[1266531.4342245464,1572457.4920941722],[1266529.1102490958,1572076.9451391688],[1266455.4687064358,1571689.1036450919],[1265967.1144565833,1571494.6898154803],[1265581.4830249927,1571669.7658638777],[1265203.2444546055,1571892.989929948],[1264741.5117952421,1572017.8353301715],[1264284.6951716519,1572041.9455161309],[1263944.5891529741,1571956.9675286235],[1263559.2398583442,1571770.2329679672],[1263491.0109415001,1571721.9913403215],[1263155.9213826892,1571485.0803064145],[1262865.6494720606,1571393.4091307698],[1262292.3738302004,1571271.4614759311],[1261973.2471511418,1571274.9236770989],[1261723.3165947553,1571313.9914033189],[1261562.8280454157,1571366.5668424796],[1261240.3752567975,1571279.4985249648],[1260945.3400720484,1571521.003927567],[1260066.18637854,1571986.0467190128],[1259749.60835391,1572089.8808528436],[1259506.6918320183,1572055.3050732017],[1259191.5092121831,1572123.1212260071],[1258902.0138138479,1572425.2163820975],[1258701.943959655,1572740.9022402465],[1258352.7799060638,1573034.0240812954],[1258253.0239927743,1573024.1558504198],[1257861.6684335698,1572985.4531617491],[1257273.0862344503,1572449.2260109521],[1256915.1821236443,1572049.3465992995],[1256109.3613381404,1571673.6744878544],[1255192.2201365891,1571368.2449851548],[1254549.6665676148,1570816.6723158779],[1254214.5413454478,1570431.0051657204],[1253800.2144023404,1570044.9158786098],[1253278.4689581981,1569659.396948969],[1252842.9675148937,1569075.6142884959],[1252041.5532550332,1567707.5733527578],[1251930.8011914659,1567338.1976786982],[1251687.5152695293,1567040.3828604715],[1251071.6298444304,1566430.193252583],[1250460.2634398437,1566111.11650177],[1250180.2946450191,1566099.0437545469],[1249351.8333498763,1565359.9539035]]]},"properties":{"OBJECTID":52,"AREALAND":"10880632368","AREAWATER":"95450858","CDSESSN":"119","FUNCSTAT":"N","GEOID":"3705","LSADC":"C2","MTFCC":"G5200","BASENAME":"5","NAME":"Congressional District 5","OID":"2119035952747016","STATE":"37","CENTLON":"-080.8705361","CENTLAT":"+36.2723520","INTPTLON":"-080.8667458","INTPTLAT":"+36.2730786","CD119":"05"}},{"type":"Feature","id":252,"geometry":{"type":"Polygon","coordinates":[[[1362389.1440735464,1492729.9256050326],[1362327.6473717182,1491461.2745374795],[1365260.96443916,1485818.2589375861],[1365897.8247137428,1484712.6750216093],[1366296.2794109813,1484022.8903191164],[1366849.2248908305,1483070.8009826187],[1365897.6467605818,1482647.9100190327],[1366043.8974981089,1481322.7587591838],[1366938.8507136081,1480857.5238985661],[1367750.957133841,1479885.8498788495],[1368160.9770035313,1479450.2828151397],[1370680.7088791199,1477831.8555434085],[1371397.8766064039,1479300.2580560874],[1371860.9313916541,1482481.3766821735],[1372241.8113023522,1483155.0202657096],[1373349.3395831026,1483953.0690312255],[1373838.3059748982,1484728.658044314],[1374534.1206635046,1484090.4866527319],[1375058.3229648944,1484441.3036392499],[1376928.5602697553,1484555.4174816236],[1378208.8604062416,1483445.7803255562],[1379316.3708838548,1482898.944361899],[1379723.1943639752,1483080.1646534018],[1379788.8587821329,1483066.3950148299],[1381177.4499311924,1481886.6944429204],[1382371.5727555915,1482055.4928769264],[1382582.684062694,1481971.7522607092],[1382549.9180121331,1482194.2415194977],[1382370.9871529639,1484113.5692873728],[1382542.8554162655,1484609.2164987586],[1382433.7597241085,1484693.7727588415],[1382508.4558905922,1484800.9335646275],[1382406.1363803705,1484885.3516969886],[1382328.5157152521,1484774.8774978779],[1382259.8000358893,1484826.8030189965],[1382116.2958820127,1485111.0177154355],[1381266.2264522742,1485798.5047465973],[1380577.2361232389,1486601.2051782589],[1380470.4283683286,1487238.7264939845],[1381841.4795852709,1487687.0554993786],[1383071.3797743942,1487246.2786987592],[1381967.1344465208,1489672.7902178634],[1381087.8749233843,1492541.1683120653],[1380622.1550116704,1493059.8553575799],[1380985.572305243,1492916.6479828674],[1381027.3342585012,1494096.2051092051],[1381392.9311754433,1495514.7273709718],[1382123.1034090244,1495614.2845213618],[1383716.7455282372,1495846.9193014111],[1393261.4431785895,1497338.0240853317],[1404136.68182992,1499222.8568092939],[1405814.4992634822,1499506.133703256],[1415209.9262389266,1501124.7443189472],[1415739.1817117976,1501305.9157107621],[1415801.5162190946,1501317.5224201623],[1426034.1300151539,1503214.373844726],[1424895.4030507596,1511433.7322660051],[1423548.7485295739,1521384.6407621093],[1423047.1427839496,1525249.1772067286],[1422272.7510490266,1531321.0270719696],[1421669.8385552091,1536236.846614074],[1421481.6321365295,1537784.3829255458],[1420800.3431845324,1543412.5139863444],[1420170.3964260088,1548343.1581944525],[1420041.2868815544,1549327.1892390773],[1420511.6425220512,1549381.5841449192],[1424280.9724929875,1549825.6212096019],[1426420.5986916481,1550081.6880148435],[1427561.9395475842,1550215.7542268587],[1427524.5023933591,1550812.9924756717],[1427998.0392273408,1551129.279489954],[1427837.2818638133,1551069.1657046089],[1427964.697543283,1551874.0984636731],[1427390.4844663276,1552921.2419188786],[1427563.2725833198,1554122.6323156143],[1429034.2038987905,1555334.9923967104],[1430441.0044779128,1557016.0197747936],[1429533.285161894,1557586.6637673983],[1429036.5862070115,1558312.5201487765],[1427813.8032319925,1558429.7743077455],[1427655.8732444006,1558155.1910146996],[1426554.0762969654,1558378.2301283218],[1426601.4956180565,1558650.4246017039],[1426533.9408076296,1558663.902418064],[1426619.4596832846,1559165.5835751733],[1426684.7179719829,1559170.3456180878],[1426642.5896285633,1559383.9989398886],[1426642.6348333594,1559386.3921669461],[1427489.9343949105,1559195.6308714123],[1427674.2774988629,1560741.6001962116],[1427559.8187991125,1562402.3663505567],[1427653.0955072162,1562728.0797743732],[1428921.6196255221,1562875.9140575314],[1429794.6933486839,1562066.6827012002],[1430037.1465531557,1562091.7589245234],[1430081.5770094898,1561922.4649625663],[1431218.1597050633,1562131.3500894029],[1432159.677843438,1563730.4696355676],[1432235.0293042304,1563871.4143512696],[1432996.2386026236,1564250.3750214083],[1433009.8833068484,1564174.430485554],[1433696.0615333552,1564046.8236442739],[1433704.9082718112,1564147.9831577539],[1434177.5233893571,1564951.6243341248],[1434402.0574444812,1566262.4618850658],[1435872.8059692115,1566066.4983563768],[1436273.8324790867,1566724.9702592809],[1437020.5570323025,1568251.9224594748],[1437433.5733345472,1568386.3276398927],[1437662.7382686979,1569127.863197864],[1437597.7881117119,1569727.2413636008],[1437584.8628773347,1569877.1730675539],[1436140.4169142907,1570412.3661672892],[1435055.5351841969,1570709.4116277797],[1433959.5141898699,1570956.4938940499],[1432243.2106247004,1570881.2773663774],[1431528.3954631139,1570428.7491586814],[1431173.429012724,1570362.0549579421],[1429920.6794503757,1569949.7327049039],[1428517.2108421414,1569931.0904750656],[1427288.8151224169,1569219.8927566195],[1426990.897652634,1568859.6752319811],[1424630.3541837784,1570310.2153235981],[1424472.382821202,1570419.2782069072],[1424435.1776817255,1570475.0799738038],[1424298.9073723548,1570745.7552399449],[1424230.1934609648,1570860.6026612632],[1424188.4579888524,1570903.7045808965],[1423782.3423396614,1571241.7866459833],[1423742.9163151851,1573015.046665174],[1423721.2627425599,1573086.9057018729],[1420262.6088659803,1574017.1630781582],[1418979.236193845,1573374.3622549437],[1419233.7356468355,1569459.5783178117],[1418109.3769996092,1569738.6937366016],[1417170.0916405565,1569821.9146168595],[1416474.1194514511,1574728.2863982515],[1416175.7898555363,1577383.0627416419],[1416005.3746492045,1578050.0522428127],[1415605.7971041645,1580812.6738243476],[1415233.745112634,1583499.01464405],[1414776.5074920894,1586655.9208860602],[1406417.27379199,1585373.425241421],[1405074.4692701695,1585167.7470097179],[1405878.0069980156,1580608.524024915],[1405093.1111673189,1581019.9557043761],[1407198.4152507773,1578420.1695097694],[1408156.2760112819,1579451.7782406118],[1407306.8178220275,1576409.1643979568],[1408988.0913134094,1578900.3930443004],[1410047.4609877004,1578323.5477565983],[1408971.2640181754,1577284.4784504948],[1407530.8186749837,1574961.1173793189],[1406732.5708156498,1573539.4379810896],[1407239.7362980137,1570080.644653596],[1407403.9165195294,1569122.6254204316],[1406090.0086367643,1568607.3977816077],[1406728.711828257,1568066.2695858413],[1403943.339427243,1566098.907622478],[1405281.9119857249,1564556.5218697703],[1404152.5390423662,1563813.386156668],[1403653.2558659881,1563046.7931778142],[1404418.8903591824,1562545.8544886792],[1402796.2644413067,1562064.7017838908],[1403935.8593842001,1561171.986464195],[1404505.1009766555,1560978.9743422074],[1402744.0438499993,1558894.2925828462],[1401748.2206609007,1558475.7338479841],[1400109.1290552516,1556909.550688264],[1399392.7219493969,1556712.3399995593],[1399194.6161192537,1558204.1601817012],[1399036.3078581011,1559432.8767684922],[1398151.9011062579,1559111.7161224922],[1397921.2238001819,1558002.0805790806],[1396363.4881894481,1557438.8474044818],[1394476.0341304429,1557571.5404936075],[1393308.2042015556,1555906.1472745705],[1392482.8209757961,1554156.3830354325],[1390843.512239869,1555762.5864766538],[1391012.3544745368,1556201.9153938498],[1391137.9908076369,1556568.2312131105],[1389553.6930212625,1558565.967380112],[1388840.5410512376,1557801.5819833074],[1388036.4573092507,1557849.0474618245],[1386254.6411699045,1557565.7125109462],[1381958.1390309543,1556941.7424208531],[1380697.6606137052,1558853.503317656],[1378109.2541627735,1556611.4815453347],[1369092.8815289696,1555268.2877998911],[1361813.4476867928,1554420.0221074615],[1360673.7163216276,1554295.1238709288],[1361693.1156375201,1544353.5725991391],[1362912.4746919868,1532461.0616434719],[1362942.4638761177,1532167.3657521456],[1362374.7125295955,1527222.0432604291],[1361554.3708005447,1520093.7842215952],[1361289.5293388905,1517792.1942530926],[1360907.7599189249,1514479.1889782995],[1360538.6186882802,1511271.5988998786],[1361602.0062314109,1508420.8841655347],[1363126.7556680276,1504332.4904976562],[1363836.2783373832,1502430.196792705],[1363873.89347473,1502329.3455523252],[1366479.6997512351,1494364.4975119978],[1366557.8083384233,1493379.6988281775],[1362389.1440735464,1492729.9256050326]]]},"properties":{"OBJECTID":252,"AREALAND":"4278704975","AREAWATER":"91544647","CDSESSN":"119","FUNCSTAT":"N","GEOID":"3706","LSADC":"C2","MTFCC":"G5200","BASENAME":"6","NAME":"Congressional District 6","OID":"2119035952747017","STATE":"37","CENTLON":"-080.3652799","CENTLAT":"+35.7910880","INTPTLON":"-080.3652239","INTPTLAT":"+35.7885034","CD119":"06"}},{"type":"Feature","id":138,"geometry":{"type":"Polygon","coordinates":[[[1518644.9528201637,1445206.9570626263],[1519424.1894296568,1444583.5625253562],[1520102.2664591561,1443780.152424708],[1520226.5281676718,1443668.3098741975],[1520256.0070491682,1443638.0196098629],[1520207.8410632485,1443579.7260045409],[1520895.8518097205,1442623.9225102756],[1524327.1924232,1440729.7675928418],[1522681.920570001,1437650.4755923972],[1521569.0545004853,1437964.5370170735],[1521389.9987139702,1438144.508694794],[1521717.940964418,1435711.4645110257],[1523237.3237597742,1436295.440049028],[1522478.1371641275,1437054.1275639553],[1522781.4115558851,1437570.3556475621],[1526239.5378195497,1436792.8675568718],[1524790.4232342166,1436563.5807660278],[1525201.2828633089,1436209.1348176301],[1526085.4316080846,1436414.3348671179],[1527614.3750261385,1434141.9518931527],[1528318.5377908496,1434552.3991464227],[1528547.4187134348,1434361.9597924333],[1529677.6201420873,1430759.2098662462],[1530271.0843977721,1430810.3664990161],[1531364.6966158147,1429145.7548658736],[1535673.8685035417,1425586.082522992],[1534890.173404244,1428466.430429494],[1536728.3406505461,1429048.031373933],[1537790.5206980703,1430375.9892534334],[1539356.214297822,1429179.3689485136],[1541016.7169784498,1429846.6269261427],[1542642.8606184984,1430158.3429240305],[1541946.773257033,1427557.1493498217],[1542797.9612437459,1425573.5429968629],[1541071.7892232048,1424821.5648383573],[1541054.9183828433,1424814.188374076],[1541435.7592508313,1421693.1495536044],[1540803.1990567434,1421390.7955087814],[1540465.9301354345,1420898.957968479],[1540502.2457590033,1419716.2342880443],[1540225.5233760038,1419314.380996665],[1541209.3997285909,1418577.0219211094],[1540411.4924181581,1417876.5719046462],[1538983.4150194402,1417991.3390646055],[1538045.7782269041,1418651.133295849],[1537989.5480737949,1416370.4263100196],[1539157.7090333034,1413710.9942877237],[1538645.9173595116,1412010.1449247543],[1539160.1672596105,1410957.8019020408],[1538462.7537660834,1408796.2563181538],[1534902.8742815114,1408199.5614945665],[1532045.8596888527,1400395.7613273226],[1532351.4334683721,1396608.3100208472],[1536658.4944092969,1392259.5611300003],[1534137.3968475612,1388660.3182024471],[1538137.4859078201,1385794.1194684375],[1538138.6883476933,1385793.2584295422],[1538146.6636149045,1385787.5475722607],[1546184.3732987766,1380048.6472640671],[1548525.0610456355,1378380.2038153745],[1549605.475382562,1377610.5129935313],[1554795.4648356724,1373916.9875986669],[1555350.2177060593,1373522.5595145728],[1559103.7916926059,1370855.6137520075],[1559299.6692676821,1370715.1770793069],[1561176.2731371962,1369370.1779667325],[1564175.6879197527,1367222.223883437],[1565853.5926018043,1366021.548944138],[1567336.9639648916,1364960.6121500302],[1570379.0547887797,1362786.4482754674],[1571013.7616389955,1362333.1035852302],[1573549.2293009909,1360523.0575143453],[1576522.4487813399,1358402.4044207409],[1576750.010539426,1358212.0007667411],[1577524.3226194775,1357738.5889342874],[1581858.0991453673,1354588.5554924607],[1583026.7079303099,1353767.4979615342],[1583162.3121356911,1353672.2453047205],[1583165.4958233049,1353670.0089534726],[1585387.4196366153,1352109.860927714],[1585393.4525792925,1352105.6264475267],[1586271.7150747858,1351489.257175494],[1586854.932054034,1351080.0612144694],[1589985.8061553778,1348818.7590105888],[1590687.209784108,1348312.4785151016],[1591364.9818363234,1347823.7458778843],[1593008.160006626,1346639.3171202056],[1594264.6373688185,1345734.054062061],[1594780.4026927687,1345362.5636860766],[1597704.1477819616,1347631.1651930921],[1600224.7127974818,1349047.3374701701],[1602093.606126358,1350105.558896035],[1602139.1782723363,1350131.371116817],[1603561.0240030347,1350936.902713839],[1603661.1555173611,1350993.6452312432],[1606919.0847508674,1352713.1735148299],[1608147.212321837,1353583.3625936173],[1608271.0005837895,1353671.0918181278],[1608407.43475076,1353767.787230283],[1609214.0223595942,1353743.9107975792],[1613048.1905171468,1355160.3028357998],[1618504.5569238302,1356804.2118395437],[1620033.1455188929,1357178.1451081075],[1620676.3405739293,1357479.0776449665],[1621003.3246816243,1357443.8976729512],[1621782.6274498033,1357360.1055082548],[1622316.0576570344,1357474.0202566627],[1624740.1061400457,1357992.1184719857],[1626417.7274570435,1358351.1026647761],[1627930.9147649307,1358541.5171796829],[1630137.9706377666,1358819.728781078],[1632187.3647091966,1358839.7947351988],[1634011.0176355802,1358858.0625469685],[1635958.6800167316,1358797.8006801214],[1635971.1605003388,1358796.4782373961],[1641303.7692375246,1358233.1623657607],[1641568.4956459356,1357758.8520610109],[1643001.3190560096,1355192.4167496134],[1646562.3467884785,1354261.411717372],[1647318.2861352246,1355407.6429487579],[1647099.0662955528,1358150.3594737425],[1647301.8073808877,1362111.7543858271],[1647693.1953455065,1364355.1593009755],[1648421.5938848376,1368536.7086934336],[1648812.4642031693,1369490.130339453],[1649359.0426109622,1374046.6252695639],[1649646.0456724744,1376444.1553296745],[1649959.5825531143,1379067.2648408841],[1650206.9170816983,1381139.4151252732],[1650268.1043706557,1381652.4341154937],[1650284.0086578573,1381733.372234026],[1651688.3155196286,1388891.6882575713],[1652468.8489483208,1391706.2855181228],[1655058.4300605624,1397924.6399820205],[1655912.6004726752,1400604.10736816],[1656055.4259774743,1400894.7831203453],[1658235.2770778558,1405334.6584528722],[1659803.6175599615,1407540.4177902713],[1660156.309781268,1408594.0055639856],[1660436.5241910273,1409431.3700546976],[1661775.610446322,1411462.2652572133],[1663845.0813638836,1414424.3080799449],[1664796.9866039921,1415205.1693528555],[1665754.2135290329,1416651.5248181894],[1666998.0733047293,1418541.6966888309],[1669578.470360847,1422082.1985098813],[1671483.5849331415,1424362.9754851535],[1673631.3048552372,1426719.0640590359],[1674455.7504285821,1427604.5184535347],[1673467.0924986585,1428567.1476658862],[1671907.3526280916,1429837.9312388003],[1668550.5225765372,1430477.494062867],[1668591.9787716717,1430750.2432285976],[1662839.3369922498,1441060.8104596045],[1659152.6822951504,1447120.4194532316],[1655612.6102041784,1452869.7471520714],[1654000.0817425225,1455462.322993625],[1632487.7271327358,1451194.7950079255],[1630866.1332763005,1451274.3003958575],[1630372.3242413756,1450701.3856022097],[1629893.1481506142,1450161.7386566345],[1626504.2022671301,1449724.1816941053],[1624085.1344664313,1451048.4180412795],[1621490.5487936365,1449860.8758521248],[1616263.2307230767,1448753.8187514171],[1615271.6993113486,1448131.0777380895],[1615624.4896362161,1446538.6060741805],[1612372.6291867716,1442717.9236324094],[1606229.9287177937,1427268.4614373501],[1606297.6707908416,1428240.2373433951],[1604579.3582915186,1430370.2643861584],[1600696.4622806355,1431783.2718788516],[1599256.4534019309,1435005.3621071521],[1599151.7175923923,1436177.4405708052],[1597968.7046699566,1436649.4444491249],[1597730.2417757798,1438420.1540514436],[1596186.0458554563,1439179.008750733],[1595152.3407002958,1440726.5210068058],[1593016.6326801996,1441071.1915133633],[1592870.7777595527,1441916.8027983438],[1590304.1986854742,1444299.381987812],[1589998.223484972,1446505.1197219696],[1589267.7404115365,1446441.1736956816],[1587985.0581394702,1447900.4546906967],[1587015.0502360037,1447814.2525597122],[1585161.6680221786,1449549.3360414896],[1583415.5099090301,1452561.652506575],[1581312.1249408463,1454086.2250557113],[1578913.7397372206,1455077.6195875946],[1578531.762954456,1456506.8161475174],[1576626.9801376853,1457620.7294881437],[1576292.4687952297,1458978.6002806332],[1574146.2419265199,1460128.8059667647],[1573024.0086990632,1461998.5197969191],[1571697.9284856296,1461972.0986242909],[1569906.7879004979,1464158.4287331048],[1564390.6570083275,1467001.8556356002],[1562787.8886955476,1468676.1832167078],[1563170.9051284709,1469547.3759531472],[1567528.6397495815,1468634.8883855082],[1568622.6521300077,1470535.3161556497],[1568588.6351369789,1470593.6419893801],[1567687.8461711279,1470605.2928048819],[1567529.2408647118,1470937.5246785041],[1567037.1410486985,1471111.2409420982],[1566107.5439288935,1471020.0781691391],[1565731.9071500567,1471596.7307387386],[1565344.1465380292,1471861.1936960462],[1565906.1263135306,1472201.7986051515],[1567559.2277775777,1472346.5925871655],[1568364.3850458018,1472818.8314494733],[1570495.1625593815,1473299.9985143933],[1569336.5987866113,1476632.4026522208],[1569811.8151513324,1476783.0145633947],[1571252.0787769894,1477855.2674207333],[1578106.2642516792,1478844.8563687913],[1578550.2178746525,1483248.0919255335],[1577087.9845556461,1486228.5823389776],[1578380.2380439315,1487995.7417820748],[1575384.7967324725,1489184.539206814],[1573329.0594734128,1492657.2505197767],[1572246.8012892359,1493937.0262859315],[1570567.6016163747,1493197.228195671],[1569350.7264495266,1494668.5003694315],[1566970.5839856269,1495653.8990327306],[1566859.6104420179,1497381.8720905315],[1567954.1870979692,1497222.920640137],[1571158.7536778636,1495214.9126978423],[1570862.1971697633,1497788.3436696772],[1573790.9132089948,1497260.5410504825],[1574233.7179063687,1501511.9211412035],[1570433.3706727533,1501339.8916195445],[1567098.0174393875,1504327.0417170431],[1566542.2922493792,1505133.0131027699],[1565231.5671809791,1506413.0468921345],[1562687.0350527384,1504305.8832425028],[1562585.638211064,1503801.9466419592],[1561746.7123890682,1503684.86935037],[1562007.8094128279,1500908.9828321449],[1559689.3909615676,1497339.0718534421],[1558472.3341687736,1497306.8204407189],[1557262.2861445874,1497280.1324351281],[1551866.9998896029,1497158.5796490461],[1551834.1725819032,1497156.5205442347],[1549637.876307399,1497896.1705372464],[1548774.1644819293,1497141.5642492324],[1543633.7420450393,1496689.6843989864],[1536793.4013729303,1492660.1551617812],[1536785.5080120317,1491528.6978970207],[1532786.8468045122,1489918.2734908741],[1531968.9649637807,1489189.2404973544],[1532852.0063117358,1488721.0500054881],[1535290.0830734961,1486582.4476449341],[1535001.5232220276,1486119.7133773211],[1535492.4462977119,1485082.0381748155],[1536107.0067174551,1483412.9834288117],[1535078.9169858659,1482805.0027221534],[1534902.0878046665,1482771.1600054018],[1534339.3746065605,1482320.8926585056],[1535835.0592919365,1480469.2718856148],[1536132.3188887029,1480029.9338398948],[1534890.9967615104,1479045.524979854],[1535632.9255617033,1479566.7902547028],[1536002.2828531771,1478488.7510978766],[1536955.4816561025,1477858.0809154063],[1537542.3928348285,1477012.4316391777],[1536952.4725449842,1476658.566370124],[1537562.008369881,1475112.2386883926],[1536161.2654955317,1476124.8682264704],[1535570.4894620634,1475092.8113352954],[1536088.5283650092,1474638.4187283739],[1535998.4884525475,1473259.7398411091],[1537239.3085159762,1472979.259375928],[1536883.7353437999,1472106.9471694678],[1536818.7094846207,1472126.8593231011],[1535843.3203465892,1472295.2677326463],[1535316.8050460077,1472173.7336844169],[1535159.2265484666,1472038.6838783175],[1534350.3491106627,1471716.8768501543],[1534205.6122284238,1471825.6033363454],[1534223.6811183086,1471918.036761716],[1534155.1215088896,1472007.1502888035],[1534039.3271212089,1472031.8599455338],[1534005.9966101462,1472232.3273233734],[1533663.1061955565,1472259.973139612],[1533127.1469695165,1472302.6635484006],[1533273.0348582431,1471766.6688292101],[1533378.383963773,1471553.673321858],[1533516.7448437579,1471346.2094504014],[1533439.3272315632,1471332.6274660639],[1532388.1480262321,1471110.8354927283],[1533999.0867765688,1470230.4427276533],[1534184.44772946,1469671.7132288106],[1535666.4509571416,1469425.8201082777],[1536181.5433976895,1468575.1318693943],[1535537.308140472,1468116.9172927551],[1535133.0310116934,1467918.8101581838],[1534485.1634786103,1467190.0808727294],[1534778.233075226,1466832.2729887366],[1533429.9810224373,1466148.9326227941],[1532798.9274608996,1465859.6164939851],[1531951.7935799367,1465352.8360203113],[1531599.8870073562,1466250.8591008652],[1530645.2561950909,1466577.9822103754],[1529979.589924668,1466237.5927399956],[1529582.2736218388,1465679.7023787107],[1528948.099952413,1464978.6571630295],[1528681.5235969496,1464834.319097843],[1526074.7699126943,1464045.2603341751],[1525539.6540578394,1463133.5479324348],[1526331.2091145117,1462381.4934061226],[1526678.9574890977,1461240.4615754075],[1528233.6503290751,1459446.4175250605],[1528192.7780473339,1458384.0250347257],[1528086.306455513,1458237.033719413],[1526021.7097273341,1455387.0941656195],[1521477.5587054368,1449116.4556590356],[1518644.9528201637,1445206.9570626263]]]},"properties":{"OBJECTID":138,"AREALAND":"12540172469","AREAWATER":"1124743433","CDSESSN":"119","FUNCSTAT":"N","GEOID":"3707","LSADC":"C2","MTFCC":"G5200","BASENAME":"7","NAME":"Congressional District 7","OID":"2119035952747018","STATE":"37","CENTLON":"-078.4333144","CENTLAT":"+34.4842767","INTPTLON":"-078.4057422","INTPTLAT":"+34.4593003","CD119":"07"}},{"type":"Feature","id":95,"geometry":{"type":"Polygon","coordinates":[[[1363586.3105939359,1445742.8474463876],[1363716.3995349496,1445518.6219874155],[1365439.0050934982,1445534.360362621],[1366454.5733146255,1445554.7377410289],[1367383.1582303217,1446089.3747943994],[1367127.9180393072,1444783.3807626273],[1368147.1136979205,1445196.7964939307],[1369046.6680573823,1446613.8457201961],[1369179.3115853728,1445440.733027922],[1369162.9746158572,1445434.6961289439],[1369458.9059732445,1443760.007963812],[1369947.0096586114,1443813.410963282],[1369878.4803739307,1443419.5938435029],[1369343.8967332561,1442500.3793514818],[1369074.8589867118,1442120.0192227401],[1369282.5220872534,1441986.9147310033],[1369317.8216263324,1441302.3846340124],[1368551.0933000443,1441034.787423579],[1369269.6837577387,1440967.9822520297],[1369184.3578768976,1440226.6020131316],[1369105.6401510732,1439596.3445502669],[1368811.7731211444,1439037.1433716398],[1367720.8718300734,1438057.3670971077],[1367311.2060958787,1437339.0702042803],[1366366.5683549331,1436193.5105604045],[1367338.0965968675,1435184.190355273],[1368437.264209904,1434042.6561564207],[1368452.119809727,1434027.8889419828],[1369311.5457637059,1433173.7012940887],[1370050.9715762124,1432438.9753396399],[1370086.1724832782,1432404.4206041601],[1372071.0877796852,1430437.6425613407],[1372071.4283446022,1430437.3052403796],[1372752.9860809655,1429762.2709208876],[1372843.4347207744,1428035.1520552076],[1372949.977940328,1425998.8094594963],[1373327.1143042922,1418774.0784189794],[1373380.6383943129,1417746.1276900358],[1373409.7469396668,1417186.8646930344],[1373433.687182571,1416727.5089026522],[1375211.5252177776,1417004.4660757631],[1375742.6751809209,1417084.5179769602],[1379765.7429451169,1417692.9155316073],[1382842.234148188,1418159.4753607493],[1383612.0021382051,1418276.3908327539],[1386973.4413542072,1418787.8524234127],[1387148.0461551889,1418813.5909482036],[1388798.9275509473,1419043.5206880067],[1388818.0734112533,1419046.1892103199],[1388825.1988874483,1419049.8456728719],[1389253.5947406015,1419112.4040611833],[1394594.9525786689,1419907.629812561],[1394599.6542816367,1419908.3313497696],[1397737.5433336694,1420409.0967684761],[1400142.944349719,1420793.7698162254],[1400865.2509033594,1420860.1770821456],[1401455.5377197964,1420949.9069425054],[1404467.3331874576,1421408.4692699071],[1404727.5744275015,1421444.1790890414],[1405980.6030392025,1421609.8986072782],[1406783.8742700587,1421724.7771695647],[1407353.4497189999,1421793.0187401492],[1407455.9147011114,1421814.6191006452],[1407572.6240571991,1421822.2441259548],[1407585.0214210663,1421823.0541663319],[1409126.5394775351,1422035.1692069583],[1413596.5476595124,1422702.0811526589],[1416222.6621740379,1423094.9664976969],[1417669.1338714468,1423311.7220559195],[1418664.9679892592,1423461.092757104],[1419559.409019354,1423595.356343003],[1424016.4977728324,1424265.8229501676],[1424398.9089550581,1424319.8813296277],[1430730.3929194401,1425217.912542576],[1431680.6560993623,1425353.114858333],[1433254.0054715951,1425577.2065851353],[1436145.2402435378,1425989.7043763902],[1436232.2082902093,1426004.3937068582],[1438101.1685525503,1426271.3934769034],[1438486.5009619812,1426338.8448044676],[1441195.7084090679,1426725.1373768225],[1442571.4570231775,1426916.3581079561],[1444990.99462294,1427260.8661464117],[1445576.5147020093,1427344.3261580337],[1451508.9445886035,1428192.2463784739],[1451544.125163466,1428197.287288202],[1451562.2918428972,1428199.9148432408],[1454793.9955820474,1428667.9680056628],[1456658.0552294494,1428938.5173756927],[1465318.0166769279,1430489.8134864364],[1465330.3858725552,1430492.0357194915],[1465399.5221242802,1430506.5675047562],[1467899.9016949118,1430907.6678281762],[1467972.9101641495,1430916.3060259167],[1470824.0885374648,1431361.5164379328],[1472561.3063199972,1431633.2616273928],[1472807.478104522,1431671.7984718699],[1472997.1729927263,1431700.138718592],[1474143.592166476,1431881.5795832779],[1477421.802396463,1429544.2479873635],[1478463.3400216938,1428802.1672435328],[1478741.1176541229,1428603.3128010463],[1486085.98491186,1423430.1874911711],[1486842.1834199911,1422922.7318958417],[1490442.8996738296,1420369.3421733826],[1490572.0821517452,1420277.7397718281],[1492058.8950786886,1419231.4977479987],[1493608.705046823,1418141.4686791766],[1494762.0684217701,1417301.6294364892],[1495596.2447163104,1416603.3041873462],[1495890.7248414129,1416441.9034615681],[1496628.85393939,1416001.0212545041],[1496654.1217829869,1415985.9308209345],[1496814.4326359229,1415889.3168329876],[1497841.0701291235,1415162.4397305083],[1506759.0185994254,1408825.9456330184],[1507531.5758544761,1408277.8878643885],[1510409.7155697576,1406119.8959641941],[1511099.383329215,1405607.6208374277],[1511275.5065956893,1405451.6813455094],[1511981.8167160449,1404931.561105771],[1513041.6287084201,1404151.3495522905],[1515178.6900327823,1402513.5766978525],[1519137.7341828104,1399482.36096517],[1519656.5915147194,1399104.9093714133],[1520644.1882225934,1398386.672019558],[1522731.3276608393,1396869.5433633346],[1524542.3135930768,1395553.916430546],[1525276.8957557289,1395042.4082892034],[1525419.1740612637,1394921.4282853995],[1529594.7630316801,1391920.5506541915],[1530472.0776251003,1391289.9254472032],[1534137.3968475612,1388660.3182024471],[1536658.4944092969,1392259.5611300003],[1532351.4334683721,1396608.3100208472],[1532045.8596888527,1400395.7613273226],[1534902.8742815114,1408199.5614945665],[1538462.7537660834,1408796.2563181538],[1539160.1672596105,1410957.8019020408],[1538645.9173595116,1412010.1449247543],[1539157.7090333034,1413710.9942877237],[1537989.5480737949,1416370.4263100196],[1538045.7782269041,1418651.133295849],[1538983.4150194402,1417991.3390646055],[1540411.4924181581,1417876.5719046462],[1541209.3997285909,1418577.0219211094],[1540225.5233760038,1419314.380996665],[1540502.2457590033,1419716.2342880443],[1540465.9301354345,1420898.957968479],[1540803.1990567434,1421390.7955087814],[1541435.7592508313,1421693.1495536044],[1541054.9183828433,1424814.188374076],[1541071.7892232048,1424821.5648383573],[1542797.9612437459,1425573.5429968629],[1541946.773257033,1427557.1493498217],[1542642.8606184984,1430158.3429240305],[1541016.7169784498,1429846.6269261427],[1539356.214297822,1429179.3689485136],[1537790.5206980703,1430375.9892534334],[1536728.3406505461,1429048.031373933],[1534890.173404244,1428466.430429494],[1535673.8685035417,1425586.082522992],[1531364.6966158147,1429145.7548658736],[1530271.0843977721,1430810.3664990161],[1529677.6201420873,1430759.2098662462],[1528547.4187134348,1434361.9597924333],[1528318.5377908496,1434552.3991464227],[1527614.3750261385,1434141.9518931527],[1526085.4316080846,1436414.3348671179],[1525201.2828633089,1436209.1348176301],[1524790.4232342166,1436563.5807660278],[1526239.5378195497,1436792.8675568718],[1522781.4115558851,1437570.3556475621],[1522478.1371641275,1437054.1275639553],[1523237.3237597742,1436295.440049028],[1521717.940964418,1435711.4645110257],[1521389.9987139702,1438144.508694794],[1521569.0545004853,1437964.5370170735],[1522681.920570001,1437650.4755923972],[1524327.1924232,1440729.7675928418],[1520895.8518097205,1442623.9225102756],[1520207.8410632485,1443579.7260045409],[1520256.0070491682,1443638.0196098629],[1520226.5281676718,1443668.3098741975],[1520102.2664591561,1443780.152424708],[1519424.1894296568,1444583.5625253562],[1518644.9528201637,1445206.9570626263],[1517253.3463378467,1443285.6081705038],[1516820.929266324,1442688.5146862902],[1513334.9104612956,1442204.0017039478],[1506894.5190079422,1441310.6554123294],[1502751.5337267378,1440735.2012677286],[1503402.3162262635,1442573.1002109628],[1501710.0027020124,1446105.5164489057],[1500908.2615967048,1449931.1067617331],[1500177.2233834781,1451004.2367580552],[1500221.4944133814,1452294.9197996445],[1497438.104313035,1455183.239986347],[1489129.2748896487,1460939.8883388508],[1488873.0613212287,1461585.6772714425],[1484683.4086515037,1463189.7298425492],[1477925.9499495651,1462651.3310299143],[1477045.521192125,1464094.2279960141],[1476851.4153733472,1468653.8689261153],[1473520.9778919155,1470827.0536434352],[1472706.9624681131,1472392.9422988743],[1472467.5317300633,1472891.8121869657],[1469196.95739845,1474510.651245283],[1468330.0928671677,1474793.8225839417],[1465919.7825162075,1480495.0296495724],[1463603.5630996716,1480773.0069814958],[1461885.5814860321,1483227.4298869111],[1461571.8203985773,1486088.4033835549],[1459896.9184962676,1490047.712343175],[1458950.9966268912,1492269.9513989091],[1455138.7737627276,1501187.0555243157],[1453429.5630070739,1504497.4865537416],[1452415.625916939,1508383.3309386726],[1449178.8133681759,1507779.5561151542],[1446733.7060531308,1507325.4155784994],[1440624.1061201633,1506174.2281980962],[1426034.1300151539,1503214.373844726],[1415801.5162190946,1501317.5224201623],[1415739.1817117976,1501305.9157107621],[1415209.9262389266,1501124.7443189472],[1405814.4992634822,1499506.133703256],[1404136.68182992,1499222.8568092939],[1393261.4431785895,1497338.0240853317],[1383716.7455282372,1495846.9193014111],[1382123.1034090244,1495614.2845213618],[1381392.9311754433,1495514.7273709718],[1381027.3342585012,1494096.2051092051],[1380985.572305243,1492916.6479828674],[1380622.1550116704,1493059.8553575799],[1381087.8749233843,1492541.1683120653],[1381967.1344465208,1489672.7902178634],[1383071.3797743942,1487246.2786987592],[1381841.4795852709,1487687.0554993786],[1380470.4283683286,1487238.7264939845],[1380577.2361232389,1486601.2051782589],[1381266.2264522742,1485798.5047465973],[1382116.2958820127,1485111.0177154355],[1382259.8000358893,1484826.8030189965],[1382328.5157152521,1484774.8774978779],[1382406.1363803705,1484885.3516969886],[1382508.4558905922,1484800.9335646275],[1382433.7597241085,1484693.7727588415],[1382542.8554162655,1484609.2164987586],[1382370.9871529639,1484113.5692873728],[1382549.9180121331,1482194.2415194977],[1382582.684062694,1481971.7522607092],[1382371.5727555915,1482055.4928769264],[1381177.4499311924,1481886.6944429204],[1379788.8587821329,1483066.3950148299],[1379723.1943639752,1483080.1646534018],[1379316.3708838548,1482898.944361899],[1378208.8604062416,1483445.7803255562],[1376928.5602697553,1484555.4174816236],[1375058.3229648944,1484441.3036392499],[1374534.1206635046,1484090.4866527319],[1373838.3059748982,1484728.658044314],[1373349.3395831026,1483953.0690312255],[1372241.8113023522,1483155.0202657096],[1371860.9313916541,1482481.3766821735],[1371397.8766064039,1479300.2580560874],[1370680.7088791199,1477831.8555434085],[1371774.0323594122,1477165.4144900218],[1373271.0350877582,1476438.3507222477],[1373282.6072346533,1476433.4274394587],[1373845.2858521305,1475269.7433322817],[1374787.0315604266,1473152.9924057033],[1375482.6654319665,1471627.415065188],[1376282.3454271313,1469872.1916783359],[1377153.9185571917,1468106.7322971281],[1378589.7512222165,1467510.5505537391],[1380895.146367766,1466553.2002625391],[1383669.2585772183,1465354.8224317059],[1383311.0495569645,1465082.0637154728],[1382403.688696038,1464109.5622813441],[1380095.9639297002,1463493.9866520315],[1379525.4520055731,1463065.7158046439],[1378503.6701991207,1461903.8916564938],[1377863.862783486,1461492.3761116024],[1377905.5560561782,1461161.4013156407],[1377804.9636966193,1461087.6630594525],[1377810.7840408643,1461080.5601335764],[1377714.8960239259,1461006.5683145989],[1377703.075782778,1460994.8945579082],[1377691.0181152571,1461000.9828205332],[1377215.9302095417,1461285.1526351888],[1375994.4322629401,1460452.1232835557],[1375986.1353244709,1460475.604290057],[1375794.313093147,1460331.6307222284],[1375820.6099917097,1460278.4218903799],[1375021.2324759401,1459244.5624373369],[1376558.4482178313,1458858.5746382903],[1378234.3951904136,1458078.4121791795],[1378302.8936046821,1457620.2924685478],[1376875.9706253824,1456553.4908751957],[1376082.1346494495,1455830.8025202844],[1375218.9397027288,1457088.9460806809],[1374595.1072475885,1455804.9439082388],[1374463.3880157457,1455682.2268916387],[1374845.5391396708,1454159.1442453396],[1374327.3041317211,1453741.1196399368],[1375170.9805209178,1452886.6004471816],[1376201.6570121942,1451864.682537416],[1375841.5146840755,1451404.8037158623],[1374192.0907771389,1451132.0644779522],[1373461.9842446838,1452039.420591725],[1372523.9217946727,1451420.6812117547],[1373472.3094461802,1450674.8977119289],[1373239.157587545,1450469.475761693],[1372070.1895848096,1449874.8693277836],[1371724.6225027763,1449618.0960646942],[1370942.9562582935,1448666.8290577549],[1370117.6273094716,1447950.1577295586],[1369745.4748011839,1449855.3833917454],[1371145.714159508,1450556.0826511793],[1371828.1802446425,1450280.7371092718],[1371714.899582264,1451382.5765131358],[1370404.9093140503,1452228.8660569526],[1369388.6883747885,1451051.9637541529],[1368806.5859170037,1450583.2299432177],[1367563.877563443,1449664.8766851369],[1366946.1119421858,1451218.3933217134],[1366410.7245263662,1450552.5570784099],[1365797.0340983414,1449004.3793226443],[1365351.3703114544,1449129.5958986767],[1364148.9894105811,1447860.4097897261],[1363586.3105939359,1445742.8474463876]]]},"properties":{"OBJECTID":95,"AREALAND":"9647745039","AREAWATER":"109022957","CDSESSN":"119","FUNCSTAT":"N","GEOID":"3708","LSADC":"C2","MTFCC":"G5200","BASENAME":"8","NAME":"Congressional District 8","OID":"2119035952747019","STATE":"37","CENTLON":"-079.9818926","CENTLAT":"+35.0371553","INTPTLON":"-079.9841928","INTPTLAT":"+35.0510945","CD119":"08"}},{"type":"Feature","id":90,"geometry":{"type":"Polygon","coordinates":[[[1424895.4030507596,1511433.7322660051],[1426034.1300151539,1503214.373844726],[1440624.1061201633,1506174.2281980962],[1446733.7060531308,1507325.4155784994],[1449178.8133681759,1507779.5561151542],[1452415.625916939,1508383.3309386726],[1453429.5630070739,1504497.4865537416],[1455138.7737627276,1501187.0555243157],[1458950.9966268912,1492269.9513989091],[1459896.9184962676,1490047.712343175],[1461571.8203985773,1486088.4033835549],[1461885.5814860321,1483227.4298869111],[1463603.5630996716,1480773.0069814958],[1465919.7825162075,1480495.0296495724],[1468330.0928671677,1474793.8225839417],[1469196.95739845,1474510.651245283],[1472467.5317300633,1472891.8121869657],[1472706.9624681131,1472392.9422988743],[1473520.9778919155,1470827.0536434352],[1476851.4153733472,1468653.8689261153],[1477045.521192125,1464094.2279960141],[1477925.9499495651,1462651.3310299143],[1484683.4086515037,1463189.7298425492],[1488873.0613212287,1461585.6772714425],[1489129.2748896487,1460939.8883388508],[1497438.104313035,1455183.239986347],[1500221.4944133814,1452294.9197996445],[1500177.2233834781,1451004.2367580552],[1500908.2615967048,1449931.1067617331],[1501710.0027020124,1446105.5164489057],[1503402.3162262635,1442573.1002109628],[1502751.5337267378,1440735.2012677286],[1506894.5190079422,1441310.6554123294],[1513334.9104612956,1442204.0017039478],[1516820.929266324,1442688.5146862902],[1517253.3463378467,1443285.6081705038],[1518644.9528201637,1445206.9570626263],[1521477.5587054368,1449116.4556590356],[1526021.7097273341,1455387.0941656195],[1528086.306455513,1458237.033719413],[1528192.7780473339,1458384.0250347257],[1528233.6503290751,1459446.4175250605],[1526678.9574890977,1461240.4615754075],[1526331.2091145117,1462381.4934061226],[1525539.6540578394,1463133.5479324348],[1526074.7699126943,1464045.2603341751],[1528681.5235969496,1464834.319097843],[1528948.099952413,1464978.6571630295],[1529582.2736218388,1465679.7023787107],[1529979.589924668,1466237.5927399956],[1530645.2561950909,1466577.9822103754],[1531599.8870073562,1466250.8591008652],[1531951.7935799367,1465352.8360203113],[1532798.9274608996,1465859.6164939851],[1533429.9810224373,1466148.9326227941],[1534778.233075226,1466832.2729887366],[1534485.1634786103,1467190.0808727294],[1535133.0310116934,1467918.8101581838],[1535537.308140472,1468116.9172927551],[1536181.5433976895,1468575.1318693943],[1535666.4509571416,1469425.8201082777],[1534184.44772946,1469671.7132288106],[1533999.0867765688,1470230.4427276533],[1532388.1480262321,1471110.8354927283],[1533439.3272315632,1471332.6274660639],[1533516.7448437579,1471346.2094504014],[1533378.383963773,1471553.673321858],[1533273.0348582431,1471766.6688292101],[1533127.1469695165,1472302.6635484006],[1533663.1061955565,1472259.973139612],[1534005.9966101462,1472232.3273233734],[1534039.3271212089,1472031.8599455338],[1534155.1215088896,1472007.1502888035],[1534223.6811183086,1471918.036761716],[1534205.6122284238,1471825.6033363454],[1534350.3491106627,1471716.8768501543],[1535159.2265484666,1472038.6838783175],[1535316.8050460077,1472173.7336844169],[1535843.3203465892,1472295.2677326463],[1536818.7094846207,1472126.8593231011],[1536883.7353437999,1472106.9471694678],[1537239.3085159762,1472979.259375928],[1535998.4884525475,1473259.7398411091],[1536088.5283650092,1474638.4187283739],[1535570.4894620634,1475092.8113352954],[1536161.2654955317,1476124.8682264704],[1537562.008369881,1475112.2386883926],[1536952.4725449842,1476658.566370124],[1537542.3928348285,1477012.4316391777],[1536955.4816561025,1477858.0809154063],[1536002.2828531771,1478488.7510978766],[1535632.9255617033,1479566.7902547028],[1534890.9967615104,1479045.524979854],[1536132.3188887029,1480029.9338398948],[1535835.0592919365,1480469.2718856148],[1534339.3746065605,1482320.8926585056],[1534902.0878046665,1482771.1600054018],[1535078.9169858659,1482805.0027221534],[1536107.0067174551,1483412.9834288117],[1535492.4462977119,1485082.0381748155],[1535001.5232220276,1486119.7133773211],[1535290.0830734961,1486582.4476449341],[1532852.0063117358,1488721.0500054881],[1531968.9649637807,1489189.2404973544],[1531698.2802949676,1489169.9099777024],[1531420.6289168391,1489154.1008863021],[1526541.3552382542,1487678.0371549856],[1522449.9917467805,1485729.7121170219],[1518261.1315067487,1483680.5181898214],[1512866.8028784886,1485205.8408131208],[1512516.150322634,1485869.1637443919],[1512366.8437684404,1486847.4502236731],[1511138.785830454,1487957.6009143852],[1508411.4971385719,1488527.645392362],[1505459.8359709377,1490035.8927594554],[1507325.7396554281,1493400.1239235308],[1508195.2933854132,1494961.4773771185],[1504447.860262691,1496244.8828874361],[1502742.8224080494,1497074.5305727217],[1499343.939550346,1498513.0756723508],[1498140.1941742438,1501619.0716217719],[1496960.3613146541,1503563.4182078689],[1492981.0393683799,1505467.8767136578],[1492995.6578836851,1506776.8306661509],[1489220.6203920043,1510956.2222008128],[1490949.8542135167,1513559.9006735999],[1489301.4906142468,1515569.7906801365],[1489417.347758881,1515800.3815038651],[1492420.7627190745,1517538.8784462251],[1491204.3680080271,1518922.2732964456],[1494319.0217011645,1520682.822488334],[1493967.5095053532,1519278.8631752077],[1495629.4026260248,1518258.7798118815],[1496687.9537930104,1518896.0869132113],[1497898.7852835823,1521071.1310525294],[1497629.0070592309,1522859.9977353048],[1499989.6135052235,1522889.619975904],[1499653.6284503764,1521245.6818227433],[1501797.4017343402,1522403.0852605533],[1501315.7059354964,1524088.9676121864],[1501910.1011183599,1524679.3776157741],[1504647.3061116384,1528078.8318048082],[1505154.5078539632,1529848.9389625993],[1507592.1548935289,1531375.081820948],[1509938.003879156,1530813.8061803132],[1514089.0692677242,1528875.7256108355],[1515246.8789392165,1525934.4784396477],[1517555.9177391587,1524075.4095602632],[1520188.9901201164,1523839.3525597937],[1522896.3360005335,1522003.0052917395],[1526385.694753218,1529739.1608524099],[1518885.3739694671,1531344.7087753005],[1519261.1124951837,1535313.454343766],[1520412.8907732109,1545496.5267334646],[1520512.1964810421,1546589.1421892736],[1520845.15550448,1550101.4995030519],[1520869.8644727892,1552663.9690533737],[1521104.2075593863,1553520.2846478065],[1521446.4169694199,1555658.2619882589],[1521788.8177970459,1558364.3643878484],[1521751.1879600778,1558873.6298650838],[1520282.5995719451,1558548.1528507639],[1521097.1260928113,1555144.4967113901],[1519161.363735046,1555857.7668781066],[1517369.2697545437,1554786.8032786082],[1517376.9337628088,1554340.6541418675],[1518046.3928042676,1551693.0101886438],[1516818.769524588,1552040.9389748005],[1513990.2693339817,1550845.9156646645],[1512978.1422653475,1550650.2224446461],[1513404.3099040277,1544847.2741924971],[1510809.4416679393,1544531.3933737809],[1509962.7419823064,1544447.5803403938],[1508544.0082245346,1543902.2356614806],[1507448.9138082357,1543521.0090955226],[1506583.2239374428,1542928.848052281],[1508817.0442641736,1540941.136498753],[1510056.8743641428,1538114.1148355342],[1508556.2430169124,1537641.7166685928],[1507210.6584467867,1535027.1979646794],[1505395.4946058439,1534909.0442781057],[1504311.7287789213,1536540.0219707377],[1503393.2341672704,1535453.7162752729],[1501461.9773316064,1535156.8205828443],[1501497.4321693834,1534970.8432862423],[1501549.5624049248,1534760.4399291575],[1501516.5046909733,1534732.2354047149],[1499816.243437716,1532369.6202382464],[1497814.8048024448,1533320.6009206083],[1495000.3832184118,1532656.48520004],[1494389.9028990979,1534486.1725972537],[1495020.9463503526,1538159.9755532984],[1495236.1095139561,1539885.4999032728],[1493591.9566856534,1541449.2199078295],[1492320.5531927422,1541048.0166584775],[1490604.5266675856,1542410.8691484341],[1489927.6763487891,1544338.1642261781],[1483988.795216996,1543963.0184903005],[1482397.2096928612,1544233.3933782894],[1482656.341096581,1545147.6648848988],[1482943.5532594498,1551498.3811915824],[1492873.7450662872,1553300.8140007015],[1491471.2611293169,1554498.8771920167],[1491157.2233363159,1556698.5133471722],[1489929.6741355753,1559463.0857400615],[1488874.4194608442,1559973.960821691],[1489148.9385969327,1560583.7421223177],[1488101.6222566955,1566682.9434336722],[1487933.8523627501,1567149.7900766619],[1486876.8597791512,1574483.2739558136],[1486784.0785467734,1575089.1798154833],[1486419.4041258809,1576882.447607955],[1486271.6700662381,1578360.4746486042],[1486211.1757965463,1579052.791374879],[1485939.1094577264,1580481.5242353845],[1485935.172400305,1580506.1897817226],[1485692.6082915748,1582005.9360193387],[1485474.2744898554,1583355.761119443],[1484806.425629481,1587483.7871449701],[1484145.4538620738,1591571.2836678717],[1483220.0113451562,1596989.5804964472],[1475531.2191857374,1595850.4081962053],[1472798.2645680765,1595446.5653867135],[1467864.6883366469,1594721.1490666009],[1459078.5502638461,1593436.2336371839],[1459189.2908603312,1592522.1002071099],[1447315.568064352,1590867.9490000922],[1437114.2335150486,1589503.4679982411],[1432137.1893680671,1588867.0983407116],[1429598.7209127769,1588569.4365784181],[1429957.7441732599,1586675.1989263603],[1430959.5566608626,1580072.0421111668],[1431248.5636210942,1579822.6202801345],[1433093.8752501605,1580177.3442783765],[1433135.9334139938,1580164.6777117597],[1433430.6655528098,1580176.8675632793],[1433570.6445807349,1580238.6293045795],[1433604.7523390311,1580285.9631576436],[1433677.0171783527,1580340.190601212],[1435556.3185688611,1580472.3325103186],[1437726.7344875657,1581416.1091695298],[1439186.3535934326,1580467.5067186793],[1440823.8590193419,1582280.4072537264],[1441568.0008653279,1583550.0021400498],[1443174.0695395113,1584192.8955100412],[1444886.2800892163,1583221.0437723454],[1445740.0439180657,1582906.2831894448],[1446213.6874394913,1580388.2673164485],[1446515.378105253,1576315.4140145993],[1446071.8976954287,1576445.0274919737],[1445704.6293596395,1575864.5366040664],[1445803.9606469118,1574355.20855531],[1445983.6498069826,1572730.2371481657],[1445160.893408535,1572331.2799314903],[1445177.1000476694,1570825.4760390809],[1445366.1417949493,1571967.1759818923],[1446006.589147076,1572609.1869995845],[1447310.2332294511,1572996.9539089128],[1447994.1718176825,1572463.3860259801],[1446040.1605591814,1569594.337914018],[1446824.5537758635,1569717.7894977583],[1447215.9318411388,1570223.7885825653],[1448597.4488570751,1569944.9372105664],[1447844.3668606826,1569711.2657930981],[1449143.9588092202,1567847.6777856685],[1448776.9632281917,1567251.2661152584],[1448726.94050175,1567240.7806452941],[1447840.3532815729,1565952.9804587681],[1447230.5157537744,1565640.470148108],[1447475.3950051845,1565538.5141938422],[1445879.459708119,1561510.1729308432],[1445585.3126152267,1561455.0317281401],[1444981.0290004197,1562017.4950463362],[1442262.2698384938,1561097.2906488441],[1440948.7611458863,1562938.298879412],[1439747.0240336938,1561871.6834103512],[1439784.8039591843,1561765.9191773674],[1439249.1441729814,1562500.5197257865],[1436925.7822698182,1562195.7063824162],[1436579.0871855915,1562427.4994352395],[1436076.502508868,1561984.1067215493],[1434186.3686164964,1562442.9589000605],[1434055.0207212998,1563075.449489261],[1433696.0615333552,1564046.8236442739],[1433009.8833068484,1564174.430485554],[1432996.2386026236,1564250.3750214083],[1432235.0293042304,1563871.4143512696],[1432159.677843438,1563730.4696355676],[1431218.1597050633,1562131.3500894029],[1430081.5770094898,1561922.4649625663],[1430037.1465531557,1562091.7589245234],[1429794.6933486839,1562066.6827012002],[1428921.6196255221,1562875.9140575314],[1427653.0955072162,1562728.0797743732],[1427559.8187991125,1562402.3663505567],[1427674.2774988629,1560741.6001962116],[1427489.9343949105,1559195.6308714123],[1426642.6348333594,1559386.3921669461],[1426642.5896285633,1559383.9989398886],[1426684.7179719829,1559170.3456180878],[1426619.4596832846,1559165.5835751733],[1426533.9408076296,1558663.902418064],[1426601.4956180565,1558650.4246017039],[1426554.0762969654,1558378.2301283218],[1427655.8732444006,1558155.1910146996],[1427813.8032319925,1558429.7743077455],[1429036.5862070115,1558312.5201487765],[1429533.285161894,1557586.6637673983],[1430441.0044779128,1557016.0197747936],[1429034.2038987905,1555334.9923967104],[1427563.2725833198,1554122.6323156143],[1427390.4844663276,1552921.2419188786],[1427964.697543283,1551874.0984636731],[1427837.2818638133,1551069.1657046089],[1427998.0392273408,1551129.279489954],[1427524.5023933591,1550812.9924756717],[1427561.9395475842,1550215.7542268587],[1426420.5986916481,1550081.6880148435],[1424280.9724929875,1549825.6212096019],[1420511.6425220512,1549381.5841449192],[1420041.2868815544,1549327.1892390773],[1420170.3964260088,1548343.1581944525],[1420800.3431845324,1543412.5139863444],[1421481.6321365295,1537784.3829255458],[1421669.8385552091,1536236.846614074],[1422272.7510490266,1531321.0270719696],[1423047.1427839496,1525249.1772067286],[1423548.7485295739,1521384.6407621093],[1424895.4030507596,1511433.7322660051]]]},"properties":{"OBJECTID":90,"AREALAND":"8427950414","AREAWATER":"135188136","CDSESSN":"119","FUNCSTAT":"N","GEOID":"3709","LSADC":"C2","MTFCC":"G5200","BASENAME":"9","NAME":"Congressional District 9","OID":"2119035952747020","STATE":"37","CENTLON":"-079.4957091","CENTLAT":"+35.5941514","INTPTLON":"-079.4799628","INTPTLAT":"+35.5912562","CD119":"09"}},{"type":"Feature","id":163,"geometry":{"type":"Polygon","coordinates":[[[1294604.8746878384,1489097.3806094974],[1294476.1859364647,1488634.9343081154],[1296546.6761102334,1488281.0148003474],[1297451.1501412024,1485924.83294232],[1297355.958790883,1484443.6727741491],[1301767.7732040274,1477970.3782079313],[1303871.8151953616,1474162.4837580603],[1304222.8103963311,1473778.3271590229],[1308320.0278693007,1474231.1460264008],[1314262.7738731159,1474888.7365698181],[1316493.0585984732,1475130.7475360595],[1323456.8305835018,1475872.3680561297],[1324130.0351994517,1475864.0486105941],[1326857.2205241437,1476240.600478366],[1330491.8798610822,1476650.5999760516],[1334036.2074934207,1477051.6606823131],[1334058.4922198104,1477054.2716232631],[1338744.5554088871,1477587.1948915087],[1340142.3309478601,1477746.7393880077],[1342286.0087057499,1477991.0718230605],[1344015.4847439765,1478174.9421894923],[1349103.8235193749,1478586.675252337],[1348559.3389478107,1479794.5082521532],[1348472.5014306505,1481594.4263404217],[1348188.8260440715,1482130.7347971257],[1348769.200824481,1484018.9735069852],[1349117.4910430666,1485265.8347520716],[1348207.0360805562,1486719.1418291945],[1348349.9099261679,1488204.0119348448],[1348211.4961731886,1488463.8181110155],[1351198.7360430702,1491777.4312316384],[1351353.3540847444,1491949.1170492377],[1355030.4918224136,1492214.9970004912],[1360860.549463867,1492630.7250001188],[1361307.7582470633,1492659.5627280679],[1362389.1440735464,1492729.9256050326],[1366557.8083384233,1493379.6988281775],[1366479.6997512351,1494364.4975119978],[1363873.89347473,1502329.3455523252],[1363836.2783373832,1502430.196792705],[1363126.7556680276,1504332.4904976562],[1361602.0062314109,1508420.8841655347],[1360538.6186882802,1511271.5988998786],[1360907.7599189249,1514479.1889782995],[1361289.5293388905,1517792.1942530926],[1361554.3708005447,1520093.7842215952],[1362374.7125295955,1527222.0432604291],[1362942.4638761177,1532167.3657521456],[1362912.4746919868,1532461.0616434719],[1361693.1156375201,1544353.5725991391],[1360673.7163216276,1554295.1238709288],[1361813.4476867928,1554420.0221074615],[1369092.8815289696,1555268.2877998911],[1378109.2541627735,1556611.4815453347],[1380697.6606137052,1558853.503317656],[1381958.1390309543,1556941.7424208531],[1386254.6411699045,1557565.7125109462],[1388036.4573092507,1557849.0474618245],[1388840.5410512376,1557801.5819833074],[1389553.6930212625,1558565.967380112],[1391137.9908076369,1556568.2312131105],[1391012.3544745368,1556201.9153938498],[1390843.512239869,1555762.5864766538],[1392482.8209757961,1554156.3830354325],[1393308.2042015556,1555906.1472745705],[1394476.0341304429,1557571.5404936075],[1396363.4881894481,1557438.8474044818],[1397921.2238001819,1558002.0805790806],[1398151.9011062579,1559111.7161224922],[1399036.3078581011,1559432.8767684922],[1399194.6161192537,1558204.1601817012],[1399392.7219493969,1556712.3399995593],[1400109.1290552516,1556909.550688264],[1401748.2206609007,1558475.7338479841],[1402744.0438499993,1558894.2925828462],[1404505.1009766555,1560978.9743422074],[1403935.8593842001,1561171.986464195],[1402796.2644413067,1562064.7017838908],[1404418.8903591824,1562545.8544886792],[1403653.2558659881,1563046.7931778142],[1404152.5390423662,1563813.386156668],[1405281.9119857249,1564556.5218697703],[1403943.339427243,1566098.907622478],[1406728.711828257,1568066.2695858413],[1406090.0086367643,1568607.3977816077],[1407403.9165195294,1569122.6254204316],[1407239.7362980137,1570080.644653596],[1406732.5708156498,1573539.4379810896],[1407530.8186749837,1574961.1173793189],[1408971.2640181754,1577284.4784504948],[1410047.4609877004,1578323.5477565983],[1408988.0913134094,1578900.3930443004],[1407306.8178220275,1576409.1643979568],[1408156.2760112819,1579451.7782406118],[1407198.4152507773,1578420.1695097694],[1405093.1111673189,1581019.9557043761],[1405878.0069980156,1580608.524024915],[1405074.4692701695,1585167.7470097179],[1404932.2334343691,1585145.9540426647],[1401258.0007501037,1584585.0159250321],[1399145.2155990612,1584262.178408388],[1397131.2602068426,1583953.0268813213],[1394816.7449122807,1583597.3121068021],[1390542.6806723,1582940.5150615647],[1389983.7190000305,1582853.1954400307],[1385682.8484908461,1582202.7692214577],[1382169.4897408308,1581655.4526942074],[1379603.3760309364,1581243.6673407368],[1378095.6178301899,1581009.7216853807],[1378393.7617076247,1578804.0110015199],[1376826.1654813788,1580607.8467487609],[1375507.5571739452,1579971.0555640869],[1370924.5293507241,1579487.4215875156],[1370202.7643497195,1581904.4749152111],[1369221.7152397388,1582262.7610996785],[1365528.9426707074,1579890.2843887517],[1362008.7664067247,1581323.1976856105],[1362374.3166260126,1579736.7321923012],[1361108.9839607328,1579486.7836653301],[1360905.3359559702,1577562.3115781369],[1359143.4175480481,1576713.9083429659],[1356881.5245147599,1578140.9291963698],[1353204.4780532392,1577620.9962418396],[1352685.3823871657,1578993.2126416452],[1351715.7015541794,1576909.1492299745],[1349943.4175879571,1577954.5020434409],[1349199.9747837253,1577454.3925557639],[1349407.8304535933,1575687.0920635881],[1348001.5430541155,1574559.4616285423],[1345865.9559204276,1574472.9089655532],[1341875.5429429393,1572524.5950889206],[1341523.5828070163,1572194.8188323388],[1342564.6474857328,1563803.0152500561],[1343094.389680804,1559257.2555844178],[1343990.0649376332,1552107.1156387692],[1335641.7335226012,1551122.6027032109],[1331186.4664108902,1548921.5267139487],[1334289.9195884613,1543868.4173363149],[1334725.0936273208,1540037.6153267175],[1334777.5510845606,1539586.1729493458],[1333829.1040210819,1531706.8922684919],[1333827.2495214092,1531688.910826195],[1333380.1319883582,1527977.1079583038],[1331020.1607884197,1521358.791587403],[1328773.527363962,1518035.7081614025],[1326852.0369981772,1519229.6004927084],[1324987.0417556323,1523170.7090396956],[1324311.7296718941,1523267.2973055914],[1320817.2594028481,1521972.4937239811],[1319506.9725456252,1521813.7749122176],[1317690.6612827778,1520122.2032864038],[1317261.8884872838,1520289.2822950799],[1315564.6682109307,1520280.4958263133],[1315465.2273161972,1519654.0970154796],[1314195.3882315194,1518902.8665392175],[1311577.0324246907,1517800.9531774968],[1311074.2833377484,1518199.6418621112],[1310153.3141747073,1517411.2509138025],[1308538.2217503004,1517094.5801686328],[1307451.362977223,1516552.112764392],[1306927.675000191,1514967.8271981981],[1307347.422093214,1514072.419630751],[1306413.9957397017,1513537.5738276858],[1306346.4160524267,1513370.6103429087],[1304404.7566924591,1508749.8627765123],[1303883.5420809214,1507489.3009972926],[1301832.2473003203,1502636.6788779814],[1300930.7957033829,1501131.0685120206],[1298697.6247405449,1497501.1668849383],[1296467.0500063088,1493893.1474990696],[1294604.8746878384,1489097.3806094974]]]},"properties":{"OBJECTID":163,"AREALAND":"4848300510","AREAWATER":"134707784","CDSESSN":"119","FUNCSTAT":"N","GEOID":"3710","LSADC":"C2","MTFCC":"G5200","BASENAME":"10","NAME":"Congressional District 10","OID":"2119035952747021","STATE":"37","CENTLON":"-080.8889956","CENTLAT":"+35.8341392","INTPTLON":"-080.8825810","INTPTLAT":"+35.8333254","CD119":"10"}},{"type":"Feature","id":420,"geometry":{"type":"Polygon","coordinates":[[[1054506.8064773115,1394155.028959766],[1054572.3998491634,1390380.1947411112],[1060008.6275019841,1391021.3207495287],[1067219.7111490648,1391877.1778790019],[1071861.88088015,1392431.406079147],[1071871.128864951,1392432.5459521245],[1074810.8008868557,1392795.3959647398],[1075312.1229508466,1392857.3777287602],[1080810.6754710637,1393539.1622343585],[1081581.2764729597,1393649.0692369901],[1083026.9037856811,1393833.5604217835],[1086797.5431077748,1394315.941176312],[1089188.2770338401,1394622.6668651439],[1089207.9264583252,1394625.1288145315],[1090466.052133919,1394782.8601166662],[1098669.0709318698,1395815.8911000099],[1101446.506564816,1396191.2439594343],[1102276.0298345888,1396303.5274488181],[1102278.7475622727,1396303.8954724912],[1105954.2692803002,1396802.400852168],[1117632.4158540592,1398200.2641053367],[1117534.5413586858,1398807.9508640897],[1123883.6966019208,1399687.4124082886],[1129830.8305878516,1400585.0549747497],[1129830.8938002267,1400585.0645118859],[1138882.3822619531,1401959.4341179226],[1138886.0596977826,1401959.9944804069],[1142885.090157408,1402570.3451758679],[1144168.7129279587,1402766.6658012886],[1146482.791155023,1403156.6826575734],[1155988.6084396341,1404765.6185018811],[1163307.5294516024,1405897.2055276856],[1163325.5053387089,1405906.046125818],[1170961.6040340122,1409666.45817573],[1171859.4835183755,1410109.2692243271],[1172612.0836184483,1410480.5374781005],[1181381.2590365284,1414635.5624816753],[1181386.4071966014,1414638.0054524429],[1181390.0740582785,1414639.7676577028],[1188894.3281600515,1418250.8058325145],[1190758.1409134257,1419220.469743561],[1191159.677427236,1419341.7459808793],[1191368.2108935353,1419256.2576886006],[1191375.7427047805,1419246.8044504672],[1191605.8629171643,1419175.416265944],[1191845.8258780355,1418957.5126627292],[1191821.0752514023,1418449.6755599119],[1191806.5535558243,1418396.5997584537],[1191717.8524202132,1418072.4242059402],[1191667.9088271693,1417899.5689293239],[1191695.3865136916,1417703.3198783807],[1191661.6343929197,1417541.3195502777],[1191568.3605956656,1417276.7580807004],[1192021.5857161414,1417038.097277984],[1192657.4154967505,1417277.7743173949],[1193115.4102767147,1417647.1390769873],[1193148.1411737641,1417650.7661289293],[1193723.2965172096,1417714.5227030199],[1194015.490897503,1417937.4210429545],[1194215.3263140004,1418398.6609278005],[1194194.3784828961,1418654.016755484],[1194296.0658963749,1418977.6547811534],[1194560.0625591716,1419087.4749262817],[1194990.7668897947,1419056.9870106429],[1195276.071480612,1419224.3981727883],[1195447.1328639188,1419615.4295185246],[1195831.573867979,1420084.9279802758],[1195924.3286362335,1420261.6940479539],[1195896.1591274978,1420569.9407084119],[1195924.3197852636,1420730.7368435487],[1196065.2806570795,1420995.0752346292],[1196379.8172697832,1421061.7858440634],[1196666.9525344493,1420980.582584722],[1197132.5829328806,1421009.7023401856],[1197805.6199161143,1421511.1167578083],[1198078.002467863,1421674.7888578176],[1198340.0298096803,1421693.501123108],[1198561.2434422215,1421688.2779909912],[1198872.7077243086,1421877.7117211409],[1199255.4907283948,1422571.3762328085],[1199326.0945028458,1422833.3292193599],[1199262.0453206771,1423079.1231296584],[1199043.751461559,1423375.9470076002],[1198958.45119148,1423564.0530336946],[1198950.2278876626,1423726.6372800115],[1198985.3042516534,1423895.4387807362],[1199099.2097877609,1424129.8232648093],[1199196.8731430757,1424277.392011648],[1199269.8245998414,1424344.5207990836],[1199259.731257597,1424572.7255803794],[1199257.989386532,1424880.1961300746],[1199453.9660553914,1425053.3883990422],[1199693.9372929276,1425123.6276716981],[1200066.780156686,1425085.2640444394],[1200258.0748432139,1424875.7353118062],[1200451.8219570054,1424648.2490093615],[1200549.0419363012,1424480.0296161082],[1200828.6368671583,1424373.8357536681],[1201475.6045381594,1424467.4716137331],[1201860.4933936598,1424665.2664123327],[1202209.2339244713,1425005.6767924894],[1202351.196949196,1425353.3696241081],[1202564.9428730635,1425598.6581609584],[1202843.2826985798,1425823.3687811382],[1203104.3667919575,1425951.2820759118],[1203360.2924912053,1425901.2586918473],[1203482.3497851018,1425877.404337747],[1203827.047165941,1425726.0478541125],[1204022.0029862903,1425698.9510914981],[1204333.9643870755,1425779.520534588],[1204538.7180537649,1426006.0764121022],[1204641.1930622975,1426306.4144041557],[1204902.8387709993,1426818.5036991928],[1205178.4366305082,1426929.3324687686],[1205477.2192460753,1427133.4222516436],[1205512.1626305543,1427231.9575480502],[1205628.298391548,1427328.1052678432],[1205860.5871124659,1427452.0315987021],[1206517.9682426865,1427544.9621239528],[1206915.8537954984,1427453.7186959144],[1207406.626216257,1427667.2850695308],[1207726.9848032384,1428156.5256575402],[1207913.5192698371,1428207.2166101243],[1208301.5593869148,1428173.0737075172],[1208413.9445830854,1428120.102948606],[1208620.330468345,1428190.3594272155],[1208966.7921606882,1428416.1522135362],[1209322.1969087026,1428647.7999806069],[1209500.9472695293,1428947.4403456077],[1209578.3641535556,1429232.5527708307],[1209772.3844324683,1429424.7373256627],[1210036.0298901766,1429470.0664239358],[1210245.3372043639,1429418.9371852018],[1210449.4741827534,1429539.3360063061],[1210547.3425183971,1429681.226398807],[1210519.6662559672,1429877.4637372792],[1210541.4090541566,1430137.3695359882],[1210639.1929701094,1430279.1378837433],[1210833.1638402101,1430471.3476231843],[1211095.1241723897,1430600.0062177591],[1211355.4394618676,1430637.1077167839],[1211716.8922541547,1430688.637353953],[1212114.8277181864,1430627.0378430653],[1212146.6749604032,1430564.324123105],[1212291.0768793311,1430386.7702161353],[1212499.5041100476,1430270.2359069362],[1212730.8549198227,1430303.2457850501],[1213074.5112674427,1430480.2494473923],[1213446.092505503,1430770.9030535351],[1213607.5022947062,1431041.8456061482],[1213754.4246242163,1431243.5786717031],[1213781.7591714025,1431291.1161704827],[1213852.6592411646,1431347.9289584756],[1214731.3493287046,1431524.5878182761],[1215297.5954570952,1431580.7974564005],[1215675.2898059045,1431706.8324442953],[1216013.4483528717,1432365.995746376],[1216274.1644779285,1432717.4653607607],[1216559.2365768794,1432905.6915813349],[1217229.8564912537,1433192.5696977749],[1217585.3867119632,1433145.5031845588],[1217971.5417530034,1433202.4370987415],[1218621.9152777358,1433692.5084276628],[1219034.0725565017,1433670.4706906434],[1219311.9407670202,1433401.1521345861],[1219337.3957894188,1433292.2040715385],[1219364.6900509964,1433175.3850543816],[1219407.423025162,1432771.4822866935],[1219621.5386256999,1432379.5184215978],[1219824.6391648634,1432383.4641038813],[1220649.5817383465,1432595.3209786005],[1220969.3119769383,1432850.6370183807],[1221060.1875108858,1433210.6599750612],[1221409.6987691883,1434667.3146152198],[1221568.8088109181,1435805.8471982218],[1221902.3771433013,1436478.0313707106],[1222070.0428607413,1436673.782215856],[1222595.1494337386,1437015.2840422895],[1223274.0513262958,1437338.0495688729],[1223818.141451699,1438404.7463545837],[1224030.4128935267,1438682.7338773403],[1224253.0698801181,1438714.0455801617],[1224903.2796508984,1438259.1122600138],[1224972.1597854691,1437941.6074404195],[1225348.546259006,1437388.7455428783],[1225575.0998890291,1436943.9590749182],[1225569.6671843508,1436699.0644815657],[1225480.1992181393,1436425.1969649885],[1225465.0235678735,1436153.5717071649],[1225517.8338274476,1435975.9908908047],[1225667.1237644202,1435694.4059608672],[1225965.937588366,1435459.7309799977],[1226322.3848389497,1435259.5039958246],[1226506.0133605432,1435200.9926448092],[1226707.5270273439,1435263.7877361458],[1227079.1348941287,1435654.1807659585],[1227128.5918474824,1435829.6843492184],[1227093.2925897534,1436026.6368531007],[1227093.7114661194,1436211.9032071494],[1227234.3300583577,1436366.9999756496],[1227910.3942252377,1436622.0696531385],[1228219.0851248107,1436738.5566957593],[1228709.3058933571,1436838.5307752062],[1229035.2782022099,1436704.2202732302],[1229167.3111340916,1436460.7753621899],[1229227.2990190655,1436440.2853459921],[1229359.6146045041,1436468.4839224461],[1229697.6485660223,1436704.1083553247],[1229783.6020008333,1436714.7459208537],[1230005.7111785472,1436564.5247375015],[1230062.5973003169,1436316.6518421602],[1230414.6224850796,1436174.1761481613],[1230737.676169459,1436190.794828603],[1230958.7521092647,1436397.051130401],[1231178.0357920236,1436601.6514152978],[1231311.4751633822,1436939.8735262658],[1231394.9477316642,1436998.4518030696],[1231509.0671242275,1437052.7765993271],[1231123.1236129685,1440396.2859018818],[1231225.1784889272,1440479.2756145],[1234458.7477838295,1442047.6846494004],[1235240.451298076,1443766.1843877546],[1235323.6963353162,1443950.3164830282],[1237381.8284458937,1447347.18055778],[1240554.0935444487,1449880.2296107691],[1242268.0468029801,1449558.713150382],[1243966.4000827807,1449235.6840813588],[1243062.3813282701,1450427.5550262779],[1243077.496274682,1450454.9955507535],[1245291.7761935678,1449634.5104536619],[1244923.2073263684,1448756.3423355017],[1247101.6822377648,1449554.5934966914],[1247534.374396238,1450021.2931849789],[1247715.1226049815,1450371.3047019187],[1251177.2349236782,1450979.2584697474],[1250631.3600162093,1451394.2178050838],[1248171.6786468481,1452789.7949087396],[1247615.1396644607,1453560.1447682474],[1247300.4586402371,1457161.7314494178],[1248778.8318396693,1458609.5076309331],[1247251.2812442973,1459236.0948823281],[1246692.913449961,1460847.3579980675],[1242469.4459853766,1463099.8240998648],[1240695.2997931968,1463036.6984482631],[1238730.7306199763,1461464.4283853211],[1238493.0210418163,1461909.2816472575],[1235958.4108605376,1460777.4421232231],[1234748.1790729568,1461401.9495785944],[1232921.9111496231,1460077.2644583527],[1232008.2781191529,1460775.7479479928],[1230400.4694780696,1465387.9123712983],[1230648.7254877198,1465985.2578998059],[1231318.9067199458,1468284.254162766],[1232712.2689822093,1467680.2952616885],[1234517.4505680769,1472195.0572973154],[1233386.9042825873,1474420.7345409803],[1238093.4450869192,1475923.1409718283],[1238957.4932215756,1476186.6365838591],[1240324.7057203462,1475548.3354234546],[1245412.3838647301,1477571.4686212838],[1250368.4285782706,1478420.7471072283],[1253349.2877449852,1481028.7001888677],[1256488.3278107801,1478792.4390312843],[1256686.1465717403,1478711.4001841862],[1262209.322457073,1481224.011597285],[1267757.8186714142,1482094.0648852792],[1268296.3256269549,1484098.9327251203],[1268483.8728263327,1485786.3948901687],[1268844.0967068796,1485961.0824984275],[1268082.0290304846,1487786.4189116452],[1265209.08107234,1494641.9851734322],[1263552.6638747388,1498644.166144792],[1262423.5411223883,1501371.8417755775],[1260196.3920413146,1502888.0554742496],[1256847.3060254129,1505312.7165616192],[1250564.5296548984,1509501.4422331918],[1251580.0170900137,1511264.8399612438],[1252932.5108882959,1511240.0966752246],[1254238.2686243304,1513517.1843034104],[1255453.3927429919,1514304.9487227742],[1256409.8072510797,1519010.8774473462],[1255134.0046365845,1522563.496896876],[1251911.1542721197,1527020.3894683551],[1255003.6412765761,1531884.8282206245],[1256829.7930183888,1531477.9045665339],[1257822.5918810915,1529884.6139904056],[1260384.2889807464,1529977.4071818423],[1263904.2273939024,1529031.8672570419],[1268453.9017084523,1541680.7846504012],[1266277.5697891896,1542436.9449049877],[1264541.7112549376,1544608.2266577249],[1261116.3706702671,1545549.0749076372],[1260881.4504694364,1545890.413904489],[1260092.9157234842,1547840.6091796653],[1258495.8384798644,1551667.1486410042],[1257081.245340422,1552640.4950779909],[1255638.2628204406,1554031.5236229915],[1253219.8846543026,1553190.9504710576],[1252842.1059337119,1553944.8096600827],[1251543.6870339653,1554778.1268468751],[1250691.8986396482,1555863.9153316328],[1250278.5361019601,1557286.7881108196],[1250435.3253545254,1558344.8012125297],[1251133.7449644944,1559210.9705193071],[1250561.4499690807,1559780.4547373019],[1250989.4356687418,1561050.1625701422],[1250445.7633533913,1563078.2570474716],[1248720.4087276368,1563578.3006239068],[1247777.5764100815,1560919.9740783824],[1247775.948264681,1560915.3885115227],[1247403.3266312589,1559866.074834683],[1245996.5432889939,1556493.1619664486],[1244998.7679148125,1553741.8570328467],[1244105.2921264961,1551280.3209370105],[1241740.6699698421,1544775.6155001512],[1241783.5452388912,1544668.7506760405],[1241652.1920131629,1544094.5468738712],[1241327.8482824774,1543604.9920417638],[1240892.8387535631,1543619.8552235756],[1240292.9721836145,1544017.8015964329],[1239369.9900428893,1544039.820117915],[1239249.8336070837,1543693.7534472179],[1239302.2287187804,1543339.2277587084],[1238958.9532406915,1542428.1227109917],[1238465.1243731717,1542230.5428817859],[1237442.9733555503,1541457.0435425853],[1237420.7461382665,1541363.2014036663],[1237349.2878578668,1541357.355173924],[1236903.9379363065,1541320.9336226052],[1235796.6784563591,1541123.649832068],[1235514.9057844924,1541138.740313435],[1235148.5103874593,1541299.8572719237],[1234836.5555298224,1541151.9333561305],[1234730.7765204606,1541073.5932620959],[1234340.5482787117,1540784.613638767],[1233293.3656778573,1540607.8322781483],[1232951.8565937248,1540784.0183673427],[1232090.8433140866,1542147.0224097306],[1232149.452000723,1542624.3725365046],[1232066.3374229316,1543189.4570166785],[1231566.486839232,1543953.5613937173],[1231145.1524589437,1544797.2470260449],[1230723.6019366919,1545335.2890226273],[1230678.8928913726,1545318.343996645],[1230040.6333996144,1545076.4724247623],[1229630.7306523295,1544838.9706849335],[1228891.5819756228,1544738.0694585443],[1228638.9798000085,1544678.4107419737],[1228506.8580162928,1544534.5411563795],[1228374.9341796117,1544351.7661012011],[1228097.4207360679,1544246.1433763262],[1227765.2485221969,1544244.8100167904],[1227656.7508374017,1544308.1553965341],[1227543.4758131928,1544404.7590329777],[1227229.8743032489,1544638.6524191154],[1226853.1194324694,1544688.4392211139],[1226533.7020630725,1544777.5298600271],[1226145.7829409728,1545026.3924994394],[1225883.390243259,1545242.6903645247],[1225579.3552910679,1545436.3819127856],[1224985.124158375,1545569.6774323294],[1224754.0571881249,1545547.2354132216],[1224369.0695639108,1545346.1255127378],[1224066.2996215958,1545197.6721971063],[1223996.8077686753,1544945.4289304037],[1223930.9070749572,1544396.9486606782],[1223682.5667782614,1543977.1304004434],[1223186.6225774467,1543349.9618738666],[1223143.0381581022,1543233.5941962618],[1223073.7319826458,1543130.4523349041],[1222968.9888660184,1543031.7634308804],[1222665.8320415732,1542752.3740178579],[1222552.2258633545,1542418.91471845],[1222479.2267815557,1542234.6599564757],[1222240.0599559115,1541983.4082045443],[1221836.0318886326,1542076.7598489663],[1221688.263653216,1542224.9967972329],[1221414.2174812441,1542209.4138910603],[1221061.6830947662,1542133.7470459696],[1220854.9150971032,1541696.220350042],[1220689.0071738618,1541389.5924543729],[1220428.1897718112,1541286.6773389783],[1220224.4738769447,1541321.5466581862],[1219921.8529929486,1541481.2358424012],[1219530.3667601936,1541322.45136646],[1219375.4912380031,1541333.8855970148],[1218554.2179799939,1541961.4481801037],[1218461.1343857769,1541981.8752730414],[1217772.8584769096,1541632.9416153515],[1217349.3114365465,1541322.4895641627],[1217005.9927262547,1540955.8040609183],[1216914.5814076315,1540716.2107866965],[1216165.9382386582,1539973.919964077],[1215897.1704922842,1539781.1724739857],[1215571.7136225272,1539712.7337439023],[1215248.9817162915,1539446.8971672114],[1214982.152400004,1539352.5753123648],[1214620.3112120912,1539070.9197785519],[1213723.7424052646,1538975.1177267618],[1213574.033610102,1539034.9351647384],[1213419.6014987673,1539146.1242931206],[1212984.566558874,1538913.4816444162],[1212589.555977412,1538403.7606013622],[1212555.8744761264,1538286.3036716748],[1212550.5789085911,1538281.6013056561],[1212104.7460460886,1537885.7335756216],[1211699.621827893,1537684.4234305434],[1211343.4406534503,1537544.8529365659],[1211105.6729054628,1537193.7089021392],[1211011.5394060812,1536784.0953391306],[1210210.9727237446,1536397.052269401],[1209078.9314817614,1535181.6283410545],[1208704.3436524316,1534652.4710387886],[1208237.8104857279,1533382.0725013036],[1205383.770259155,1525622.0814759172],[1205059.5919947361,1525428.4064883199],[1204309.5171659838,1524596.8667543661],[1203629.2802524348,1524240.9281950593],[1203547.0514680299,1524055.0534417965],[1203570.5750124175,1523784.8863053266],[1203497.2112426877,1523659.3338651136],[1203274.7694626313,1523490.0413804799],[1203272.4534579134,1523480.999264868],[1202286.9163145167,1522322.3351825476],[1201906.2232926914,1521715.760506561],[1201900.1526966582,1521713.9266565517],[1201760.4945592354,1521671.7388563454],[1201299.9574098659,1521401.0638792496],[1200955.0474874908,1521385.045702368],[1200603.033212669,1521184.8909040336],[1200441.319288678,1521026.4000059441],[1199701.0682986521,1520779.5764815025],[1199430.3541903205,1520480.6792517714],[1199043.5159304589,1520338.1841512397],[1198778.9788422643,1520173.6670106817],[1198198.9666095814,1519670.3388309702],[1197945.9828622181,1519221.6700849533],[1197637.8389976893,1518417.0100157671],[1196759.6137243717,1518478.7394646965],[1196036.4291085363,1518696.1822473947],[1195889.243318809,1518773.767183125],[1195719.2316131468,1519308.4502333794],[1195407.1763736103,1519418.0234509818],[1194423.0376787484,1519371.8376467004],[1194184.2597121948,1519220.5258020498],[1193708.0109590201,1519071.3651481867],[1193031.9761938434,1519133.4379105158],[1192733.3741895193,1519247.8407293204],[1192607.242586758,1519683.373790808],[1192623.1366975731,1520027.6460832506],[1192832.5424974046,1521188.8246499654],[1193008.6100590692,1521538.7520283572],[1192692.9999643897,1522042.6370600779],[1192171.5762872051,1522117.7480706591],[1192126.0185291853,1522169.1961907968],[1191846.9570526781,1522842.8529200461],[1191858.5679172385,1523206.428960273],[1191883.9272928601,1523345.7487286869],[1192037.2391155814,1523537.1449710894],[1192515.1887141641,1524960.0573336054],[1192833.5107394233,1525410.9476931728],[1193170.3717082106,1525938.1220165323],[1193171.5646830243,1526343.8983752206],[1193020.3438738789,1526580.5400290471],[1192753.8397990358,1526800.8174928855],[1192529.6010355959,1527137.7205095589],[1192302.8224404827,1527378.2387967017],[1191993.8654610033,1527467.0744033195],[1191623.110042623,1527855.5984247457],[1191254.7595609252,1527973.0194562841],[1190838.6139605863,1527981.7711783778],[1190781.4418948793,1528448.7136417739],[1190805.003639874,1528791.3737912085],[1190651.3937316318,1528984.5022764429],[1189699.6880452265,1529528.2898133788],[1189298.4670121174,1529878.6486986969],[1188863.8328017357,1529828.4269114528],[1188345.2560641491,1529415.7305858638],[1187840.3107182907,1528778.7979006693],[1187454.0529715691,1528545.488127213],[1187232.4599118629,1528560.6516413521],[1186779.2655638466,1528312.1486042533],[1186308.2850941727,1528008.1189575456],[1185940.7769329636,1527673.4874215219],[1185070.963995087,1527064.3256148975],[1184982.0753144519,1526927.3841710202],[1184958.2612861781,1526584.7418498732],[1184719.6486307492,1526166.5756431576],[1183706.5283139087,1525548.8125281613],[1183552.0692927141,1525300.8751774766],[1183207.7350915081,1524992.2802140806],[1182550.2129881035,1524730.1000457723],[1182541.3646008831,1524536.6049351171],[1182600.4164362112,1524245.1174198613],[1182569.9609480388,1524076.9678850193],[1181836.8631460746,1523453.6570621803],[1181584.5320644563,1523452.1079876404],[1181244.765214154,1523302.5766830053],[1179815.4916773357,1521790.101380704],[1179452.6906519798,1521546.9600031152],[1179038.4608413638,1521477.4381325375],[1178508.6065901469,1521267.4563855343],[1177612.6671548823,1520814.0002132133],[1177519.3071311021,1520654.8313636612],[1177431.8636514063,1520437.9197598565],[1177430.0942456813,1519929.9656276107],[1176981.8356699944,1519348.8834288046],[1176993.0698600353,1519252.5894113686],[1177113.343318288,1518221.6344677731],[1177495.3329861558,1517909.5394512936],[1177630.2658363744,1517906.1549236961],[1177773.5642738843,1517974.5017731488],[1177981.551058949,1517901.1836777069],[1178146.5145125641,1517708.5439433008],[1177973.2941042625,1517111.4548255224],[1177531.1161806746,1516831.3163524847],[1177419.3942488646,1516693.9003003649],[1177368.150009545,1516531.2550304402],[1177433.9602734616,1516167.4443113189],[1177342.3394928384,1515355.4405995905],[1177329.5821095258,1515342.3708799537],[1176318.5588443996,1514306.797772577],[1175934.9917281526,1513550.2546336185],[1175922.3506942771,1513432.0306829046],[1175982.7086109354,1513260.4644695483],[1176328.9505533306,1512722.3821409438],[1176335.3557323723,1512597.0962933898],[1176177.5254877019,1512366.43320865],[1175818.5043250208,1512324.5232016649],[1175645.6215933468,1512250.6248197705],[1175240.8009241424,1511875.8170605078],[1174766.4371404364,1511566.8535088785],[1174692.9287758037,1511634.8333108295],[1174273.8881889638,1512389.2741040047],[1173968.44061659,1512709.7035203446],[1173863.408490648,1512699.5757956151],[1173552.6551022294,1512884.7348460387],[1172877.0452824382,1513375.4129455294],[1172740.9911834504,1513532.2605650928],[1171886.8619061979,1514097.3955851793],[1171627.0060998085,1514210.1094756369],[1170929.1914369396,1513925.4161871951],[1170120.1192693834,1514167.3061425686],[1169978.5187903608,1514308.7218918223],[1169658.3181677232,1514344.2504305635],[1168846.8987092471,1513835.1331911534],[1168135.9510429711,1513283.0750158876],[1167764.8145242142,1513168.4852156807],[1167623.4340183907,1513201.3352395613],[1167619.5036536464,1513202.2485458888],[1167449.0801983243,1512343.3904224392],[1167557.5429948999,1511649.9537590127],[1167511.4732404756,1511463.3633008953],[1167437.835927699,1511303.0212297216],[1167199.4409646436,1511119.8337720092],[1166827.0745287002,1511038.1399078704],[1166772.8039988121,1510910.5613578092],[1166791.1025748961,1510432.6480098236],[1166920.7592739686,1509669.8064895645],[1167454.4068111102,1508916.9638822637],[1167824.493789104,1507794.1852124296],[1168126.5305066286,1507374.734999273],[1168167.3909824975,1507080.1529025622],[1168043.5159833566,1506762.6100841314],[1168052.6281884441,1506523.6530301981],[1168360.6249696687,1506206.097451698],[1168515.113820245,1505957.2375673987],[1168599.0413488823,1505698.7031841166],[1168596.8470603826,1505368.0815855488],[1168487.4404822427,1505125.7983064409],[1167244.1770715073,1504219.6827833131],[1167111.9373361981,1503961.1502384301],[1167070.8530447783,1503565.0172635261],[1167074.1673323247,1502497.2511531413],[1167335.214286709,1501830.0802612416],[1167289.9118048558,1501463.5508827437],[1167044.0126338392,1501159.2214836534],[1166681.1176433826,1501031.3208556846],[1166334.9670572104,1500730.7743018772],[1166266.9072972452,1500332.9653527606],[1165978.8226094963,1499660.6789788939],[1165437.5649023056,1499395.705384098],[1165303.0679951508,1499266.7912994325],[1164855.4632936856,1498246.5335065741],[1164622.7654262786,1497493.1397976205],[1164618.9430674275,1497274.6905824952],[1164438.1822676705,1496735.330240462],[1164235.4147086616,1496387.2359348517],[1164218.3599047398,1495778.4880033173],[1164311.1041016306,1495523.3042099103],[1164265.3245712174,1495401.6730160154],[1164186.5781991305,1495192.4637699276],[1163698.00409763,1495089.2066891417],[1163314.6409956038,1494711.5989606418],[1163027.9147899884,1494199.6165063065],[1162605.1066925952,1493621.4242127109],[1161949.6987059801,1493072.0271894261],[1161629.3435276686,1492935.2315420527],[1161116.4950201211,1492935.1525569633],[1160637.693955662,1493395.0270514935],[1160056.020743954,1493474.8227933068],[1158882.7514751761,1493764.4756840412],[1157825.0570389368,1494025.7569914982],[1157541.627485076,1493915.8837948069],[1157282.3540276836,1493725.4792357367],[1157155.2740535385,1493701.2644521203],[1156952.3900057243,1493730.6196250543],[1156726.8875089402,1493909.1054965016],[1156330.7927299293,1494062.9652308747],[1155848.0261038742,1493849.091569839],[1155589.2179678667,1493647.845127048],[1155372.1446468253,1493603.3057924062],[1154614.8974300334,1493688.0072629116],[1154428.427996818,1493855.2781214304],[1154019.3364002099,1493737.823531175],[1153500.5782622772,1493251.2298056744],[1153458.0851458192,1493000.5346968155],[1152583.8581766323,1492026.7353887372],[1152513.021744041,1491975.2772050686],[1152334.4080526554,1491845.5311637837],[1152324.5840129743,1491848.5965267662],[1152334.0008045726,1491843.2154414468],[1152143.7772429411,1491854.0759153534],[1151955.5160985943,1491733.3346391842],[1151947.254796783,1491647.4550534729],[1151481.2978278163,1491293.7766862493],[1151425.300712202,1491269.7384129688],[1151420.2713567889,1491267.5794680696],[1151210.3811551931,1491177.482947493],[1150691.5590298655,1490657.315208463],[1149995.37089028,1490772.4714318197],[1148329.7740846656,1490210.1614963375],[1148243.7226488495,1490104.7797761541],[1147711.1541095942,1490030.6372308712],[1147246.5581009411,1490036.6155708693],[1147062.8004485231,1489838.8711805511],[1146814.5878294138,1489421.1922270656],[1146787.656173215,1489274.5988290999],[1146907.5417096168,1488829.6603952684],[1146555.9427290009,1487820.2349020075],[1146407.420349827,1487785.4868935235],[1145938.2667235462,1487488.463614583],[1145717.6032664594,1486890.0731993839],[1145656.6225510398,1486498.7732427325],[1145422.1914057585,1485834.0189340729],[1145185.0300592154,1485791.453550132],[1144370.4494202163,1485194.7291550972],[1144207.7267576084,1485154.2610770408],[1143867.1863618097,1485246.185696315],[1142943.9533079644,1484881.7617019545],[1142704.6063960057,1484998.2756748572],[1142424.5044917397,1485056.2940387148],[1142196.3505674172,1484973.1196195688],[1141360.3961649737,1484855.5650395975],[1140583.9268308629,1484825.4385799319],[1140500.7160720527,1484461.4891446568],[1140395.6257928084,1484322.458797235],[1139746.5034061556,1483939.17145399],[1139436.983540816,1483480.9857964069],[1139442.913789459,1483353.0740155987],[1139443.5211328201,1483339.9741307851],[1139572.2047592974,1483062.251951335],[1139637.6873912863,1482745.2749815043],[1139595.3117783284,1482470.4579165522],[1139553.092136842,1482110.5955452919],[1139677.5866037803,1481848.5781077929],[1139715.8772617709,1481240.085019635],[1139554.9388010451,1480751.0156041924],[1139317.5263462951,1480407.3122666869],[1138974.0343864933,1480176.8593854345],[1138660.3460558336,1479893.729784552],[1138532.2639431774,1479432.8472949062],[1138197.6350704206,1479160.3633120507],[1137715.8150172995,1478907.8402562644],[1137054.7971420279,1478446.8775249273],[1136947.8328935052,1478221.1315954197],[1136995.0899453207,1477605.4034856223],[1136841.5662345933,1476995.9933219235],[1136594.4450200095,1476491.8236986808],[1136163.7605458607,1476243.4709059596],[1135457.4579402672,1475966.4749667346],[1135250.4936517566,1475979.0027761292],[1134729.9393855229,1476384.2054601219],[1134389.0867817209,1476767.6908040401],[1133116.5127655794,1476897.0015986171],[1132910.429408788,1476598.6230560038],[1132097.0988959093,1476195.970184911],[1131914.1845966652,1476214.3960156124],[1131723.9632882597,1476076.4249916058],[1131562.2099749043,1475785.9449608345],[1131447.837975777,1475449.176479293],[1131497.0302937564,1475196.6511665862],[1131457.1915781815,1474929.3865084071],[1131319.3664792343,1474601.2324722819],[1130669.3989535887,1473548.687889412],[1130568.5670209622,1473475.7947125677],[1130372.1720319346,1473449.7631857302],[1130195.1693936591,1473551.0217585284],[1130063.8902155692,1473491.1202595476],[1129824.5308243546,1473199.6962957885],[1129749.6035852274,1472947.7554820888],[1129544.7892689293,1472943.9996427763],[1128807.6459596639,1472718.9553169012],[1128836.5731838404,1472583.6701293625],[1128583.652839493,1471730.285830725],[1128265.1552481544,1471419.5531981215],[1127668.0743149265,1471181.0147222206],[1127462.9769340947,1471026.2755879927],[1126995.8534436431,1470595.2749444991],[1126288.7324689943,1470111.1159688029],[1126263.5047007657,1469896.4523808137],[1126215.0871027724,1469843.702106338],[1125279.0719009805,1469578.5332189128],[1124460.402172378,1469672.7267195769],[1124049.5487451972,1469625.351308994],[1123976.9967825389,1469261.2164361626],[1123590.4178495109,1468560.9610112607],[1123369.2336687604,1467981.2809503488],[1122830.1097167083,1467294.8226037193],[1122090.6795578352,1466937.4558936283],[1121991.7379431881,1466791.1963464729],[1122028.1726997739,1466505.4681458641],[1121815.40031167,1466276.590842193],[1121506.0375528249,1466070.8299536146],[1121493.2282774108,1466006.7981016412],[1121616.3229405396,1465620.8736978285],[1121467.6150690245,1465311.065537218],[1121154.2280397911,1464317.7201507315],[1120628.7595109288,1464097.1618505679],[1120090.1019184676,1463587.0613688976],[1118378.8149035091,1463348.3882424589],[1118080.0050399676,1463617.2927681226],[1116873.3077448485,1463352.5404707547],[1116265.165850003,1463389.0822665356],[1115274.7291903475,1463105.4345314167],[1114635.9293224076,1463072.1143157184],[1114010.3625132705,1463124.9267021921],[1113453.044307203,1462997.9767819084],[1113125.619556647,1462785.671174353],[1112641.3075292315,1462571.2777608801],[1112317.731514266,1462557.7768377475],[1112163.9557581637,1462659.0618579853],[1112059.8017094645,1462978.0013359971],[1111399.1414255092,1463562.9191605393],[1110646.1523636091,1464064.2964041047],[1110367.0186465806,1464153.226791678],[1110001.7217018611,1464117.8494658154],[1109508.5281370496,1463440.6931410711],[1108312.9869525069,1462591.2209478039],[1108061.7279391526,1462694.2637405433],[1107765.6579063442,1462551.2008566055],[1107660.9699292383,1462416.363715997],[1107380.3691473135,1462264.3891926557],[1106940.0516713294,1462178.5862106122],[1106219.9693390313,1462364.9076393619],[1105781.5723522902,1462409.4710418172],[1105529.5660123567,1462263.2147655003],[1105335.0396428243,1462342.9217539988],[1105329.0326864987,1462342.7068956234],[1105036.0662617637,1462332.231870722],[1104434.3828295553,1462206.8730874583],[1104132.4780702845,1462315.9506441075],[1103450.7481740266,1462064.3976170812],[1102239.7247089066,1461850.6653168369],[1101997.6089764105,1461736.6287404969],[1101869.4773734121,1461721.4211025611],[1101701.6621895505,1461794.6362296883],[1101402.097387875,1461762.0984195936],[1100266.2394460789,1461029.0006696787],[1100049.3933112868,1460834.54881352],[1099185.5703424942,1460866.3046941105],[1098909.8004516042,1461090.82131535],[1097704.2896232561,1460448.0612727627],[1097043.1107567789,1460639.8417616766],[1096813.3372916523,1460484.5568580087],[1096387.6439549376,1460321.7471356113],[1095743.9397848565,1460303.9037897736],[1095689.9339860932,1459771.7005287148],[1095164.4099972423,1458904.7974922284],[1094615.3855825444,1458474.0993478689],[1093302.4769289822,1457671.1081764419],[1092816.8469514726,1457024.5738830343],[1092750.2656154661,1456778.3969179504],[1091492.293541593,1455433.2901762016],[1091316.6282249272,1455503.6648920644],[1090916.7214265722,1455464.9230791032],[1090221.7435456526,1455013.6386503633],[1089514.5793808312,1454662.9936525337],[1089007.724697913,1454800.9930199645],[1088518.2076526023,1454827.4847291429],[1087893.8734417164,1454641.1109750085],[1087336.1413809727,1454596.0520136226],[1086706.5085412746,1454244.4324209671],[1086506.7973926601,1454042.4321118668],[1086418.3048544636,1453531.3637257982],[1085859.0667228687,1452368.966494251],[1085785.5959582657,1452265.2101468258],[1085555.7683751481,1452192.3262990415],[1085121.8074385955,1451536.9586975686],[1085137.9655340426,1451395.1421088483],[1085260.7305222587,1451288.1880739164],[1085263.9979244689,1451164.9218088351],[1085187.3335877582,1450921.6204240937],[1084850.8368156902,1450656.6930537038],[1084700.4600625017,1450111.2375976406],[1084657.6780355426,1449577.2955409437],[1084486.2415730914,1449139.4113823567],[1084071.8851504996,1448813.7922703102],[1083828.8099323458,1448755.0745672546],[1083709.7137159458,1448754.2383670118],[1083345.7691257575,1448751.6933907531],[1082921.0168472368,1448634.9261917137],[1082297.871671295,1448350.113121666],[1081897.9663338079,1447818.7174830809],[1081855.9669353892,1447568.4934982788],[1081340.0998681597,1447060.3726676479],[1081035.8291730606,1446961.8950648401],[1080769.7488913448,1447246.3069507517],[1080544.4228359866,1447302.7915870268],[1080256.9306315423,1447258.4975926187],[1080262.179307299,1447215.2333021089],[1080262.3904064486,1447213.4933259077],[1080275.296867273,1447113.5823354479],[1080291.6774433914,1446738.5626977403],[1080007.8388632273,1446240.1227855887],[1079886.9383226214,1446173.0513256583],[1079595.1901097544,1446192.559750922],[1079457.1188814552,1446141.3634182625],[1079338.7277219491,1445837.1003482845],[1079400.6262473892,1445431.8849930149],[1078949.3860112755,1445250.252708802],[1078584.9766102687,1444586.7158691529],[1077812.0037667181,1444005.00297774],[1077511.0013370225,1443481.1502498407],[1077415.8846637669,1443133.4033604302],[1077384.2287524322,1442605.1786153987],[1077338.170888802,1442493.3850013968],[1077166.241969004,1442172.2266834155],[1076916.790688863,1441952.7109787706],[1076422.6865050294,1441269.4825457465],[1076202.5267037416,1440857.9573148992],[1075954.767346571,1440736.2877035048],[1075703.3460653904,1440553.2369043343],[1075634.8380182632,1440270.9571642037],[1075704.9208355155,1439914.8529509492],[1076008.0280018963,1439456.8424975667],[1076080.4123937474,1439387.0406772997],[1076347.9228478065,1439353.2584521268],[1076456.0443344635,1439287.9904323183],[1077087.3473673412,1438533.1586180534],[1077097.2076382407,1438455.4325969126],[1076932.0773581031,1438039.6032179594],[1076903.8179338158,1437832.9371744692],[1077052.8491907124,1437660.0402075667],[1077090.4630932054,1437578.826799402],[1077240.4013398581,1437255.1034607813],[1077406.5598608556,1436461.3772278987],[1077401.0378649456,1436453.3504355475],[1076828.8347058946,1435621.710610833],[1076539.4831213953,1434987.1982998718],[1076479.6233584287,1434746.5273754168],[1076233.7516990607,1434344.6500416566],[1076122.0657644004,1434294.286039697],[1075218.7763236137,1433834.3477574047],[1075040.308818856,1433700.863326285],[1075008.7288490015,1433529.1103918739],[1075011.4469372234,1433524.1591547132],[1075675.8037423331,1432314.1362738647],[1075785.0585620219,1432282.0528247971],[1076000.0556627619,1431943.6423940305],[1075945.9409726544,1431630.610254284],[1075811.704306558,1431399.2667604424],[1075819.0139082442,1431168.5847739168],[1075833.4577257587,1431033.6828751862],[1075668.3159469224,1430162.7307575848],[1075719.2898107362,1429616.4017672036],[1075794.5429165149,1429524.3956034537],[1076380.4865685618,1429418.0798324421],[1076592.7185050219,1429320.8650915958],[1077160.0023744653,1428501.5114997141],[1077050.9388735364,1427855.9418728724],[1076699.5267102465,1427472.9927739706],[1076602.7776158692,1427393.6554978397],[1076032.4397209499,1426926.013514135],[1075577.6887185455,1425706.5481882691],[1074809.6660699334,1424661.7559709735],[1074557.5068838606,1424426.8426364753],[1073862.6137395508,1424169.8659508452],[1073285.7457991662,1423769.9215747137],[1072927.1225475348,1423656.9931427129],[1072382.477703166,1423358.6440279093],[1072262.3735089446,1423088.1240616757],[1072278.6178779148,1422887.133197831],[1071545.5223831413,1421993.7758089323],[1071107.8702195748,1421645.5029217191],[1070671.3355174293,1421673.2314802129],[1070584.5954713814,1421737.4369632024],[1070087.2591293934,1421849.5834562927],[1069670.5916888558,1421645.0232718121],[1069570.7245060788,1421643.7463480961],[1069504.4211163071,1421712.5615130682],[1069474.347828574,1421784.6908551324],[1068945.9134284914,1421741.5109376237],[1068620.2304976787,1421608.7816920727],[1068563.8290095513,1421551.0536558237],[1068496.8472765882,1421215.5448246226],[1068480.9099342606,1420980.4036013037],[1068350.1544048239,1420881.0821897015],[1068204.1401188287,1420827.219526045],[1067955.4279892053,1420831.5260124598],[1067661.1172707942,1420918.7702892311],[1067346.1754749843,1421037.1597464103],[1067031.2475894324,1421076.4964596778],[1065945.2996051498,1420895.3683047332],[1065631.3465160513,1420788.368020935],[1065524.8668872612,1420549.4596424047],[1065449.851411812,1420494.9511620328],[1064764.3076036272,1420668.5392254572],[1064603.1683609937,1420648.262289241],[1064059.4860696122,1420196.7865149025],[1063948.7891604032,1419991.2124602161],[1063071.9937470546,1419802.6777613349],[1062688.7520317712,1420104.4287069868],[1062062.6386656938,1420093.9235759322],[1061959.2431564934,1420193.7988841441],[1061773.0277040421,1420520.1786864866],[1061558.2347948139,1421394.8331148829],[1061305.2482282065,1421646.0113884639],[1061267.9489838013,1421799.2518332768],[1060615.2927085992,1422439.5408809688],[1060186.194484544,1422600.3333330434],[1059508.6080358953,1422639.9672108926],[1059158.2150609368,1422460.9964952823],[1058843.0239317319,1422072.1453786772],[1058223.6153350703,1420912.4194089416],[1058000.5596688888,1420659.1286483668],[1057174.2331184952,1420139.0418902412],[1056781.0263073246,1419718.0487190112],[1056607.5188658847,1419211.5847227369],[1055353.0710460993,1418255.2628247235],[1054812.1973254147,1417410.1184704229],[1054767.3942003311,1417257.9700174369],[1054369.8966063801,1416970.8992532734],[1054220.2191068945,1416975.9281155262],[1054152.4661754991,1417068.4617672414],[1054225.8713363472,1414948.2315968983],[1054225.9180030371,1414946.8833052907],[1054297.7717682822,1412223.010568982],[1054258.001565184,1410628.6595129184],[1054255.5209616029,1410529.3319389038],[1054274.3811235814,1405371.3333499562],[1054275.0524575852,1405338.9328524414],[1054340.7325870041,1402162.8977857977],[1054334.2617072102,1402117.9872145578],[1054333.9182106277,1402115.6030220315],[1054394.7136988861,1400558.4156691246],[1054506.8064773115,1394155.028959766]]]},"properties":{"OBJECTID":420,"AREALAND":"16168396453","AREAWATER":"167736604","CDSESSN":"119","FUNCSTAT":"N","GEOID":"3711","LSADC":"C2","MTFCC":"G5200","BASENAME":"11","NAME":"Congressional District 11","OID":"2119035952747008","STATE":"37","CENTLON":"-082.9325112","CENTLAT":"+35.4895905","INTPTLON":"-082.9465325","INTPTLAT":"+35.4866645","CD119":"11"}},{"type":"Feature","id":318,"geometry":{"type":"Polygon","coordinates":[[[1347994.4685782196,1467185.2716437485],[1348738.7984891755,1466986.214473322],[1349734.7129256364,1466256.6023075432],[1350269.6239869222,1465181.1890593339],[1351131.6135385747,1464662.6697892472],[1350879.2606445255,1464581.9318424985],[1350848.3449005731,1464023.6018842272],[1350452.6582187975,1463826.0576927904],[1350405.3466501834,1463484.1882784218],[1350517.322842432,1461999.8816736806],[1350365.8009201023,1461741.8075061627],[1350160.6450957751,1460644.1683806553],[1351655.8201869556,1460047.6907489896],[1352236.2357700125,1460171.1722613368],[1352900.7035965687,1459755.3003596999],[1352010.2313623843,1459982.3222917188],[1351643.1179092131,1459014.0513090845],[1352518.0454955657,1455364.3454070352],[1352540.2615989859,1455282.4459915664],[1352563.4938388953,1455367.1801578142],[1353480.8493139481,1455774.4219613373],[1354662.7147930237,1456105.2944143768],[1355103.8589995562,1455717.3098023273],[1354855.6857181091,1455305.5690618213],[1356274.0052048233,1452947.0978542995],[1355456.1451069019,1452754.9606066048],[1353196.4861778745,1453222.5225250181],[1353604.3228175978,1451263.9583927616],[1353019.8007616934,1451133.5950934049],[1353087.689266606,1449591.4123918116],[1353648.9040115476,1448988.0515142418],[1355038.2476539547,1448885.0607866962],[1355352.9344132715,1448859.4264928456],[1356180.4462773802,1447756.3022078406],[1357714.6481954867,1447229.1348217055],[1358548.5455237606,1448175.5417778846],[1358670.6970185882,1448583.1378400512],[1359528.1102872631,1448818.467187779],[1360970.5670302666,1446642.3878021073],[1361178.0447886982,1446503.6476017796],[1361339.4331946832,1446338.3621523324],[1361354.5671369238,1446119.6878264081],[1361308.7488340121,1445840.3482582234],[1361264.2208589222,1445716.7023188975],[1360825.1207693361,1445802.0774692968],[1360739.3107954196,1444762.6017900668],[1360976.2316383859,1444149.8911744375],[1361645.2259753037,1443470.1800130643],[1362011.0172983087,1442436.2049877625],[1362099.8012710884,1442121.5871213824],[1362269.8270776246,1442205.4262814745],[1362620.405449793,1442927.0433968101],[1363642.5415015111,1442978.4718140699],[1364769.5586103194,1443122.3676737808],[1366474.8833696609,1443214.5685431771],[1366994.1983715941,1443320.4249588717],[1366640.1141643242,1444772.4527564812],[1367127.9180393072,1444783.3807626273],[1367383.1582303217,1446089.3747943994],[1366454.5733146255,1445554.7377410289],[1365439.0050934982,1445534.360362621],[1363716.3995349496,1445518.6219874155],[1363586.3105939359,1445742.8474463876],[1364148.9894105811,1447860.4097897261],[1365351.3703114544,1449129.5958986767],[1365797.0340983414,1449004.3793226443],[1366410.7245263662,1450552.5570784099],[1366946.1119421858,1451218.3933217134],[1367563.877563443,1449664.8766851369],[1368806.5859170037,1450583.2299432177],[1369388.6883747885,1451051.9637541529],[1370404.9093140503,1452228.8660569526],[1371714.899582264,1451382.5765131358],[1371828.1802446425,1450280.7371092718],[1371145.714159508,1450556.0826511793],[1369745.4748011839,1449855.3833917454],[1370117.6273094716,1447950.1577295586],[1370942.9562582935,1448666.8290577549],[1371724.6225027763,1449618.0960646942],[1372070.1895848096,1449874.8693277836],[1373239.157587545,1450469.475761693],[1373472.3094461802,1450674.8977119289],[1372523.9217946727,1451420.6812117547],[1373461.9842446838,1452039.420591725],[1374192.0907771389,1451132.0644779522],[1375841.5146840755,1451404.8037158623],[1376201.6570121942,1451864.682537416],[1375170.9805209178,1452886.6004471816],[1374327.3041317211,1453741.1196399368],[1374845.5391396708,1454159.1442453396],[1374463.3880157457,1455682.2268916387],[1374595.1072475885,1455804.9439082388],[1375218.9397027288,1457088.9460806809],[1376082.1346494495,1455830.8025202844],[1376875.9706253824,1456553.4908751957],[1378302.8936046821,1457620.2924685478],[1378234.3951904136,1458078.4121791795],[1376558.4482178313,1458858.5746382903],[1375021.2324759401,1459244.5624373369],[1375820.6099917097,1460278.4218903799],[1375794.313093147,1460331.6307222284],[1375986.1353244709,1460475.604290057],[1375994.4322629401,1460452.1232835557],[1377215.9302095417,1461285.1526351888],[1377691.0181152571,1461000.9828205332],[1377703.075782778,1460994.8945579082],[1377714.8960239259,1461006.5683145989],[1377810.7840408643,1461080.5601335764],[1377804.9636966193,1461087.6630594525],[1377905.5560561782,1461161.4013156407],[1377863.862783486,1461492.3761116024],[1378503.6701991207,1461903.8916564938],[1379525.4520055731,1463065.7158046439],[1380095.9639297002,1463493.9866520315],[1382403.688696038,1464109.5622813441],[1383311.0495569645,1465082.0637154728],[1383669.2585772183,1465354.8224317059],[1380895.146367766,1466553.2002625391],[1378589.7512222165,1467510.5505537391],[1377153.9185571917,1468106.7322971281],[1376282.3454271313,1469872.1916783359],[1375482.6654319665,1471627.415065188],[1374787.0315604266,1473152.9924057033],[1373845.2858521305,1475269.7433322817],[1373282.6072346533,1476433.4274394587],[1373271.0350877582,1476438.3507222477],[1371774.0323594122,1477165.4144900218],[1370680.7088791199,1477831.8555434085],[1368160.9770035313,1479450.2828151397],[1367750.957133841,1479885.8498788495],[1366938.8507136081,1480857.5238985661],[1366043.8974981089,1481322.7587591838],[1365188.9560345567,1480276.7213251013],[1364986.4909856266,1480128.4754313659],[1364326.6460840651,1479246.17459324],[1364062.7507136192,1478908.5662215408],[1362710.723144063,1477590.7188567277],[1362058.7409953556,1476866.962558819],[1361763.5414364475,1476512.5092410035],[1360608.9564712364,1477042.5934844185],[1359782.7224671976,1476789.459423136],[1358399.6991930208,1476267.3480718825],[1357328.7763372043,1474916.8457306158],[1356225.2610614898,1473659.8218277786],[1354511.5896097552,1473174.0705819819],[1354282.0670316687,1472742.7403177638],[1353871.8521086555,1472085.3814095166],[1352058.1254013537,1471665.7808523066],[1350711.8497911675,1469858.1382632256],[1349778.0256226598,1469080.2966979537],[1348612.8463575556,1468011.8436502647],[1347994.4685782196,1467185.2716437485]]]},"properties":{"OBJECTID":318,"AREALAND":"707964532","AREAWATER":"4001378","CDSESSN":"119","FUNCSTAT":"N","GEOID":"3712","LSADC":"C2","MTFCC":"G5200","BASENAME":"12","NAME":"Congressional District 12","OID":"2119035952747010","STATE":"37","CENTLON":"-080.8142570","CENTLAT":"+35.2392703","INTPTLON":"-080.8143733","INTPTLAT":"+35.2393588","CD119":"12"}},{"type":"Feature","id":110,"geometry":{"type":"Polygon","coordinates":[[[1458042.5765647185,1601763.4517482277],[1459078.5502638461,1593436.2336371839],[1467864.6883366469,1594721.1490666009],[1472798.2645680765,1595446.5653867135],[1475531.2191857374,1595850.4081962053],[1483220.0113451562,1596989.5804964472],[1492364.2850950079,1598443.9428073838],[1499626.1311830534,1599647.7576118875],[1510241.7053059912,1601375.5619612793],[1511795.8947819921,1601618.4128516112],[1523302.8253259505,1603353.3651016811],[1524382.1487241872,1597082.4338012803],[1525225.7527559523,1592036.9388498841],[1525935.6777767702,1587800.982849461],[1525976.4973358004,1587468.269721848],[1525844.1175378086,1586911.0162640307],[1528838.8442571273,1585659.9850794291],[1529774.8561644312,1585801.0427172035],[1531110.8142704973,1586001.8197656749],[1531139.4596917648,1584356.5914053014],[1531334.4353571907,1583421.6252576457],[1531702.9151676176,1581618.8166124513],[1534695.7009210216,1581964.2671122868],[1536829.6738358561,1580288.7488122955],[1537927.8560001154,1581562.8243540945],[1540073.4606934777,1579877.2651563324],[1541535.6994444123,1576765.0661739027],[1542795.874071836,1575362.6320576202],[1543352.2288674859,1574009.6409859359],[1543212.8716342107,1573761.9623413375],[1543007.0219670848,1571961.7957982589],[1543057.6249109006,1571569.5214150799],[1543102.4395914162,1569316.719006612],[1543261.8139614379,1568888.9644752694],[1544298.9814577634,1568458.8823414529],[1545650.7884053665,1568255.3708917657],[1546921.392174311,1569047.1025636932],[1547482.60684355,1569917.2476312788],[1547649.8134078402,1570516.6837797901],[1548445.7567349251,1572990.1387543762],[1548982.1867259077,1573580.1793034831],[1548925.2668444351,1573678.7292928593],[1548976.0652324434,1573693.1575334026],[1549017.163322984,1573869.7830468034],[1549031.2349357475,1574053.3565335143],[1549003.8512331871,1574203.5061932644],[1548854.5514523587,1574345.1749250107],[1548784.3268219021,1574509.1348981978],[1549659.3243340082,1576106.8507469743],[1550070.4623502146,1578070.1010727054],[1549781.5592149203,1578607.0148259429],[1550355.5254179146,1578634.6317349318],[1550471.3811961084,1578656.3706591306],[1550568.7668182473,1578691.424083394],[1550651.9994339659,1578741.5042537618],[1550675.1961112563,1578745.8119664909],[1551592.1597224209,1579331.4209564067],[1553980.9691788098,1579759.2803254938],[1554186.3835507547,1579856.0624872902],[1555951.9355018849,1579085.0120721655],[1556243.634890036,1579057.9293354945],[1558695.1120550255,1580264.1992123798],[1559678.0378493634,1576518.9245802332],[1559934.1710748866,1574533.4105885616],[1559565.7890068367,1574092.4888002435],[1558726.7807704718,1573228.4367188402],[1558310.4005086599,1572436.8112126356],[1558782.0812307519,1570163.6423759693],[1559282.1366293218,1569445.7962053912],[1560347.4479820342,1569425.6486834083],[1561527.6603340078,1569757.5452066008],[1562236.5182239492,1568382.2742970716],[1567480.6651900194,1567627.9454488251],[1569762.2275307239,1566523.0040640039],[1570265.8985057427,1566699.593866501],[1570864.9606402377,1566040.9351523668],[1570881.6467530001,1566018.549807637],[1571759.7112537308,1566687.0996797448],[1575263.3848400931,1567405.768328663],[1576519.7169525779,1567016.2152283639],[1575599.1306535855,1566590.4444533],[1576914.860653013,1566336.999560928],[1575271.7540289219,1565068.4418453453],[1574382.1398630838,1561210.2525777379],[1571697.7969357299,1559464.5836405158],[1571254.0996469364,1558081.0088033639],[1565919.9470393104,1556137.3738336405],[1566681.8743314666,1554904.4050204251],[1566911.6589990237,1553776.1347207334],[1564050.1254434297,1553589.4528250946],[1562642.3564153009,1549897.3529499434],[1558362.6006641819,1548710.1940889638],[1559365.9067215328,1546322.6389346709],[1556590.719687877,1547064.8896537293],[1557414.1469844,1544222.8379020654],[1555861.9429652472,1544437.6133202994],[1556099.7415925092,1542108.2484945133],[1553298.4154210666,1542862.2264404176],[1552168.085817053,1544171.9975797432],[1551884.177309368,1543153.3878348796],[1551711.7451732932,1543276.8896828201],[1549979.6976023384,1543720.6188017102],[1549746.0902792716,1544146.7316223336],[1547926.8475478673,1544665.1070739478],[1548047.3439232265,1544551.0789864333],[1547647.1356432959,1544786.175963534],[1545579.0229433521,1544426.0848945249],[1543820.6162776742,1545475.818299829],[1543281.5364913587,1544996.461741928],[1541156.3295860982,1545649.3836605009],[1539336.6312134422,1547079.1914127264],[1538156.7033435137,1547251.9879362816],[1537547.5563663936,1546021.6554928441],[1536852.2234979754,1544294.7162971841],[1536090.2980319082,1543302.7043643678],[1536212.6142806693,1542746.0024818806],[1536994.8324505563,1540696.0424097702],[1535559.4107963906,1540328.559333289],[1535096.4251087289,1540786.7089807633],[1534356.7595310558,1539528.636103699],[1533099.939049917,1539009.6881847624],[1534007.0973834863,1538229.0765720662],[1535279.3957288449,1537996.865095485],[1534907.1227591485,1535698.4691444095],[1534351.5751919565,1535443.7115591224],[1535370.9545301667,1534604.7229910046],[1535847.7841881583,1533831.5739696361],[1536010.1289190657,1533578.4672737364],[1537088.6476870147,1532651.8958294578],[1537852.2579397983,1532706.4809943233],[1537107.374898274,1532532.6399525348],[1536654.5402367585,1531638.5473110303],[1536931.4689115214,1531511.5777379796],[1539366.1832434137,1527534.8346033096],[1539603.7183921146,1527186.9815913215],[1539374.8383625767,1527231.7626992986],[1536224.9770613767,1527831.6979679726],[1535137.4956608964,1528040.0787933804],[1532684.7282258403,1528513.2711367905],[1532206.5355351144,1528606.1686614994],[1526385.694753218,1529739.1608524099],[1522896.3360005335,1522003.0052917395],[1520188.9901201164,1523839.3525597937],[1517555.9177391587,1524075.4095602632],[1515246.8789392165,1525934.4784396477],[1514089.0692677242,1528875.7256108355],[1509938.003879156,1530813.8061803132],[1507592.1548935289,1531375.081820948],[1505154.5078539632,1529848.9389625993],[1504647.3061116384,1528078.8318048082],[1501910.1011183599,1524679.3776157741],[1501315.7059354964,1524088.9676121864],[1501797.4017343402,1522403.0852605533],[1499653.6284503764,1521245.6818227433],[1499989.6135052235,1522889.619975904],[1497629.0070592309,1522859.9977353048],[1497898.7852835823,1521071.1310525294],[1496687.9537930104,1518896.0869132113],[1495629.4026260248,1518258.7798118815],[1493967.5095053532,1519278.8631752077],[1494319.0217011645,1520682.822488334],[1491204.3680080271,1518922.2732964456],[1492420.7627190745,1517538.8784462251],[1489417.347758881,1515800.3815038651],[1489301.4906142468,1515569.7906801365],[1490949.8542135167,1513559.9006735999],[1489220.6203920043,1510956.2222008128],[1492995.6578836851,1506776.8306661509],[1492981.0393683799,1505467.8767136578],[1496960.3613146541,1503563.4182078689],[1498140.1941742438,1501619.0716217719],[1499343.939550346,1498513.0756723508],[1502742.8224080494,1497074.5305727217],[1504447.860262691,1496244.8828874361],[1508195.2933854132,1494961.4773771185],[1507325.7396554281,1493400.1239235308],[1505459.8359709377,1490035.8927594554],[1508411.4971385719,1488527.645392362],[1511138.785830454,1487957.6009143852],[1512366.8437684404,1486847.4502236731],[1512516.150322634,1485869.1637443919],[1512866.8028784886,1485205.8408131208],[1518261.1315067487,1483680.5181898214],[1522449.9917467805,1485729.7121170219],[1526541.3552382542,1487678.0371549856],[1531420.6289168391,1489154.1008863021],[1531698.2802949676,1489169.9099777024],[1531968.9649637807,1489189.2404973544],[1532786.8468045122,1489918.2734908741],[1536785.5080120317,1491528.6978970207],[1536793.4013729303,1492660.1551617812],[1543633.7420450393,1496689.6843989864],[1548774.1644819293,1497141.5642492324],[1549637.876307399,1497896.1705372464],[1551834.1725819032,1497156.5205442347],[1551866.9998896029,1497158.5796490461],[1557262.2861445874,1497280.1324351281],[1558472.3341687736,1497306.8204407189],[1559689.3909615676,1497339.0718534421],[1562007.8094128279,1500908.9828321449],[1561746.7123890682,1503684.86935037],[1562585.638211064,1503801.9466419592],[1562687.0350527384,1504305.8832425028],[1565231.5671809791,1506413.0468921345],[1566542.2922493792,1505133.0131027699],[1567098.0174393875,1504327.0417170431],[1570433.3706727533,1501339.8916195445],[1574233.7179063687,1501511.9211412035],[1577718.0445064167,1501713.4545777757],[1578794.6203663584,1502858.7585549895],[1582127.2019817296,1504735.0805715453],[1584412.4659464706,1506028.8127323948],[1586364.6884958202,1507087.2105963249],[1587289.9036461571,1510390.4200460669],[1589991.4012175822,1512096.3967691083],[1591362.216942508,1511697.1078487728],[1593465.5583363045,1513650.8075979855],[1593314.6070089026,1514541.4827916399],[1596940.4904386259,1515867.286110552],[1598209.1410867015,1516148.8671367299],[1598633.5868060309,1516592.1378793325],[1597920.7468663547,1517125.785364911],[1597473.426481805,1518257.884025367],[1598676.6083988284,1520727.1673635878],[1597251.0258356095,1523222.6949372124],[1597083.2228497053,1523946.6366064101],[1598083.4355210785,1528339.1336453874],[1598578.7656554398,1530582.2416981161],[1599551.4836195204,1534970.5151848085],[1599788.8820943895,1536020.495095415],[1600802.1435700469,1540594.3526459523],[1601536.9012035432,1543876.5816583605],[1595798.1570164918,1544816.4158983473],[1592636.4780413383,1550734.3196549881],[1592049.5236680559,1551832.4216567315],[1590480.0419102593,1556102.148624084],[1590268.9367180886,1556309.114685161],[1589769.817078528,1556227.8900591824],[1587503.8711744086,1557713.4100675266],[1587270.5227128025,1557718.276041368],[1585102.9634150073,1557910.5944840889],[1584323.9465671375,1559954.588595611],[1583281.2633196297,1559322.7848308571],[1581387.36551587,1561646.2965783738],[1581433.9162708642,1563610.3124680957],[1579823.2610292516,1566271.2021169271],[1579825.1127583485,1566288.4162272895],[1582970.9839984525,1577798.9159261398],[1583691.4076023486,1580395.8394956384],[1583800.191907818,1580789.0603455789],[1586642.4940262306,1590224.4214325892],[1589640.06555306,1599816.2253095154],[1593663.9326381793,1612753.1926328242],[1592874.1896940849,1613124.62641693],[1587711.6373450705,1613182.2002085503],[1585081.7462805407,1611844.3204284543],[1582846.8694389181,1613311.5068241442],[1581706.3468543366,1615446.8592950013],[1579624.4236353002,1614838.4068762651],[1578027.8837611601,1615778.9963729763],[1576310.7784792315,1614485.7350920914],[1573431.1897924561,1615047.6220892947],[1566049.6604583245,1614752.5042789886],[1565862.2579484168,1614365.6025630822],[1563979.5541749867,1610745.233454382],[1562348.2399405576,1610469.5638584327],[1560465.0654643842,1610155.5210806364],[1558841.9687508626,1602391.3798294356],[1557826.8054307876,1601523.7958443044],[1555556.8563899696,1601719.0410302076],[1552270.7969015008,1601819.6074737618],[1551476.3594237091,1602650.2803742439],[1551321.1305609865,1601625.0905183088],[1550135.4120715186,1602287.972482902],[1548900.4800400366,1608624.1830730652],[1548362.4801451841,1611383.8204650311],[1545123.9908829145,1611143.9870199496],[1544218.5251758562,1610218.4025905589],[1541555.5056977444,1613547.1635112073],[1540685.6328228991,1613649.8829181045],[1539570.412591042,1612875.4914200259],[1539551.1116053967,1612770.9950770075],[1538239.0321081136,1614766.00826836],[1538794.5287407793,1616163.3881572671],[1538385.4205972974,1616141.4330626847],[1539681.1578780657,1618758.2636319138],[1539264.261851724,1620635.0263155289],[1542488.2672007531,1620165.3952744398],[1543314.6783776954,1623038.7554248339],[1545998.4195963056,1623512.9165927749],[1545906.447766169,1623985.1503020702],[1545762.3679044184,1624724.208880119],[1544309.9610718158,1632176.046338588],[1544259.3439341371,1638965.5673101256],[1546290.5131376071,1640113.9475385398],[1547244.0055653434,1642712.5713938791],[1547243.7448634317,1642712.5181085635],[1546041.7942585927,1642470.1693636896],[1546021.9241920479,1642465.436558309],[1542651.6011965221,1641695.8165207235],[1540930.4061271525,1641366.033732946],[1540642.9358263763,1641315.2093819622],[1534336.3701961786,1640155.3464757744],[1532528.1454674269,1639858.105234094],[1529257.5241466847,1639321.496601006],[1528669.6353216488,1639215.7990347687],[1523083.0864873359,1638172.4386456767],[1520966.7148390692,1637778.1966727804],[1520355.2070150925,1637651.8060773844],[1519295.2580737507,1637456.8880227478],[1517664.649825138,1637157.3027971191],[1517662.1199267562,1637156.8382646935],[1513131.3066995717,1636341.7784060109],[1508459.1302399223,1635503.9632183658],[1507338.8949636437,1635303.4860419398],[1507262.3182728388,1635289.7965688622],[1504939.0300141138,1634883.7309149904],[1504918.3275309855,1634876.1035110885],[1502444.8627380426,1634436.224454836],[1502337.5161741488,1634413.251464162],[1488999.4889430928,1631945.3218572149],[1488883.016416807,1631920.4367978312],[1487843.6514152454,1631757.436827017],[1487809.1669021342,1631751.1463859677],[1487072.5472053615,1631616.8120527845],[1481669.4929359851,1630633.5452645868],[1481599.7079111312,1630623.7026635399],[1480818.0700946325,1630472.6442103367],[1478093.0042809478,1629946.6000671042],[1469963.4938441252,1628507.0691121053],[1469937.1855958395,1628502.4239770966],[1460976.8281137634,1626925.3111895183],[1460953.3383087695,1626918.5613913853],[1459999.047169518,1626741.8941607485],[1458853.7439134729,1626530.0150704728],[1455310.927063941,1625875.6362854345],[1455048.4271291869,1625831.8900773432],[1455162.4989532472,1624916.812930366],[1456316.5109756249,1615639.8563540978],[1457010.0258485503,1610064.2920014085],[1458042.5765647185,1601763.4517482277]],[[1552113.9228731932,1542980.6089426521],[1552097.7452707384,1542999.474750977],[1552122.8421079705,1542982.7151530012],[1552150.2938311198,1542971.9703849088],[1552159.8315701254,1542966.7905871356],[1552169.1460648109,1542953.941239032],[1552171.5028178305,1542940.7148434091],[1552155.7722153168,1542967.5193474041],[1552131.0973397694,1542972.6299627079],[1552119.2993620355,1542976.7082737153],[1552113.9228731932,1542980.6089426521]]]},"properties":{"OBJECTID":110,"AREALAND":"9624166547","AREAWATER":"130198241","CDSESSN":"119","FUNCSTAT":"N","GEOID":"3713","LSADC":"C2","MTFCC":"G5200","BASENAME":"13","NAME":"Congressional District 13","OID":"2119035952747012","STATE":"37","CENTLON":"-078.7213129","CENTLAT":"+35.8851467","INTPTLON":"-078.3934818","INTPTLAT":"+35.5307342","CD119":"13"}},{"type":"Feature","id":53,"geometry":{"type":"Polygon","coordinates":[[[1231123.1236129685,1440396.2859018818],[1231509.0671242275,1437052.7765993271],[1232051.8295896673,1437311.1800024491],[1233075.8645776629,1437680.6668124814],[1233291.9071856323,1437871.3932964131],[1233633.9001593487,1438173.340277547],[1234144.1705352936,1438389.1872168835],[1234819.3849397667,1438511.447457511],[1236397.496918879,1438578.8316720072],[1238803.8407017048,1438720.1538372673],[1238839.7209837362,1438723.1273372825],[1240128.906237517,1438829.9091472551],[1240153.8878371897,1438831.9068026878],[1241998.9219686221,1438979.6517960243],[1242899.2635699846,1439044.0043204334],[1243680.1968699659,1439094.4655370563],[1244485.8138612977,1439202.4469111692],[1244488.0306665264,1439202.7441344932],[1244503.3761513904,1439204.801803505],[1247079.1905302373,1439517.5243100673],[1250041.0467730432,1439770.6020756774],[1251528.0568248236,1439898.0512011871],[1255222.5287050654,1440327.048971273],[1256008.8892461362,1440418.5698044933],[1258878.4048893594,1440753.1827700958],[1259439.1641442773,1440818.6871070042],[1262324.864271428,1441104.3244024646],[1266259.2528468752,1441495.3535863366],[1270830.1745666114,1442021.8283960354],[1270852.947169374,1442024.4575544875],[1273585.8662214,1442304.9526039641],[1277359.223222197,1442693.6886889338],[1280028.6845189375,1442996.2244555112],[1280409.6046072054,1443039.4689949565],[1280831.2001023968,1443087.3514157198],[1283068.8050246332,1443341.8395715673],[1285065.0152788581,1443569.3312621098],[1288256.4641291506,1443881.1152330749],[1288732.6893320866,1443927.7512817606],[1291325.0851711098,1444182.0918955766],[1294189.8916634279,1444464.0748841558],[1294669.4175661285,1444511.361965457],[1294718.3698513689,1444516.1908194479],[1297177.6028742953,1444759.1433875877],[1300461.4977128147,1445110.6298966035],[1303003.5928389374,1445383.5322283171],[1305035.6088572473,1445602.2273140345],[1305111.5614894351,1445621.7240972649],[1307989.4676441469,1445918.4586094357],[1308799.9388463011,1446002.2490604799],[1308985.8294222187,1446021.6341860611],[1309408.926326124,1446065.7710696198],[1309668.3353345797,1446092.8632420059],[1316508.2092296535,1446810.0858286824],[1316516.4139691249,1446810.9615198802],[1319983.5256590163,1447181.7328757606],[1323343.2898768606,1447542.3853366412],[1325513.7827882138,1447776.0599827934],[1327747.5925994897,1448017.1351356208],[1327957.1990263292,1448037.8335424624],[1330616.6531695479,1448303.9250255879],[1333250.3236476204,1448568.2624069713],[1337062.7255540565,1448952.3629133608],[1337818.7553840058,1449028.7695792448],[1339526.1876984017,1449201.5769539364],[1339665.2689274398,1449215.6181696597],[1341135.1043087181,1449329.0147817973],[1341157.103183409,1449330.7138434444],[1342560.4578749735,1449439.2229986023],[1344411.9661374304,1449582.763885811],[1345598.946811155,1449674.9990828037],[1345677.3433354632,1449616.1731928103],[1345644.477880026,1449513.7441470604],[1345564.9573097015,1449447.6464322191],[1345372.4578062771,1449104.2768857647],[1345331.6661168139,1448937.5976752676],[1345214.4055207348,1447728.6673535686],[1345257.0588990098,1447556.080322342],[1345322.7473330747,1447497.8404194228],[1346428.110019593,1447135.1801698729],[1346691.0103411872,1446752.3795188144],[1347180.6036230144,1445832.5098652467],[1347293.4549933181,1445429.6348973084],[1347298.370002907,1445205.6284687929],[1347175.4670557412,1444739.2591053452],[1346987.6623837834,1444532.2417157982],[1346747.8982666477,1444427.4811008982],[1346746.6864052406,1444426.9516777452],[1346204.0495295099,1444189.8897090238],[1345918.2058469749,1443940.6100820787],[1345784.264070495,1443631.4822781458],[1345530.2025060204,1442558.2360807154],[1345501.5090618348,1442437.0529743098],[1345657.3933631307,1440995.8830508851],[1345879.8946210702,1439812.4918472897],[1346094.8651311942,1439584.6493146736],[1346687.4479074022,1439126.3384017888],[1347634.2996785985,1438082.1500150189],[1349124.5473939802,1439539.7068581823],[1349886.864064964,1440285.604153581],[1351181.5709339471,1441552.8956562188],[1351780.5461390128,1442139.3881927542],[1351791.3453246246,1442149.9634581003],[1352177.5524650251,1442528.1908423733],[1352636.8415465956,1442978.0512327235],[1354259.3712940118,1444567.8705898188],[1354277.9865427329,1444588.2884159032],[1356044.6829989236,1446526.7261319179],[1356465.5987602824,1446118.8339900505],[1357650.9729297985,1444970.4394947756],[1359121.604063862,1443546.3079647608],[1359133.2805024097,1443535.0633303616],[1359156.3047528795,1443512.8908006344],[1359159.0209680966,1443510.2750745397],[1360040.7711863057,1442661.2672016975],[1361468.179859648,1441287.383174859],[1361470.8266514426,1441284.6285403352],[1363045.1411153441,1439646.5884172097],[1363045.3221652049,1439646.4000219237],[1363724.0871448827,1438940.4228850156],[1365140.3830003103,1437467.856554633],[1365147.7780348896,1437460.1695467699],[1366366.5683549331,1436193.5105604045],[1367311.2060958787,1437339.0702042803],[1367720.8718300734,1438057.3670971077],[1368811.7731211444,1439037.1433716398],[1369105.6401510732,1439596.3445502669],[1369184.3578768976,1440226.6020131316],[1369269.6837577387,1440967.9822520297],[1368551.0933000443,1441034.787423579],[1369317.8216263324,1441302.3846340124],[1369282.5220872534,1441986.9147310033],[1369074.8589867118,1442120.0192227401],[1369343.8967332561,1442500.3793514818],[1369878.4803739307,1443419.5938435029],[1369947.0096586114,1443813.410963282],[1369458.9059732445,1443760.007963812],[1369162.9746158572,1445434.6961289439],[1369179.3115853728,1445440.733027922],[1369046.6680573823,1446613.8457201961],[1368147.1136979205,1445196.7964939307],[1367127.9180393072,1444783.3807626273],[1366640.1141643242,1444772.4527564812],[1366994.1983715941,1443320.4249588717],[1366474.8833696609,1443214.5685431771],[1364769.5586103194,1443122.3676737808],[1363642.5415015111,1442978.4718140699],[1362620.405449793,1442927.0433968101],[1362269.8270776246,1442205.4262814745],[1362099.8012710884,1442121.5871213824],[1362011.0172983087,1442436.2049877625],[1361645.2259753037,1443470.1800130643],[1360976.2316383859,1444149.8911744375],[1360739.3107954196,1444762.6017900668],[1360825.1207693361,1445802.0774692968],[1361264.2208589222,1445716.7023188975],[1361308.7488340121,1445840.3482582234],[1361354.5671369238,1446119.6878264081],[1361339.4331946832,1446338.3621523324],[1361178.0447886982,1446503.6476017796],[1360970.5670302666,1446642.3878021073],[1359528.1102872631,1448818.467187779],[1358670.6970185882,1448583.1378400512],[1358548.5455237606,1448175.5417778846],[1357714.6481954867,1447229.1348217055],[1356180.4462773802,1447756.3022078406],[1355352.9344132715,1448859.4264928456],[1355038.2476539547,1448885.0607866962],[1353648.9040115476,1448988.0515142418],[1353087.689266606,1449591.4123918116],[1353019.8007616934,1451133.5950934049],[1353604.3228175978,1451263.9583927616],[1353196.4861778745,1453222.5225250181],[1355456.1451069019,1452754.9606066048],[1356274.0052048233,1452947.0978542995],[1354855.6857181091,1455305.5690618213],[1355103.8589995562,1455717.3098023273],[1354662.7147930237,1456105.2944143768],[1353480.8493139481,1455774.4219613373],[1352563.4938388953,1455367.1801578142],[1352540.2615989859,1455282.4459915664],[1352518.0454955657,1455364.3454070352],[1351643.1179092131,1459014.0513090845],[1352010.2313623843,1459982.3222917188],[1352900.7035965687,1459755.3003596999],[1352236.2357700125,1460171.1722613368],[1351655.8201869556,1460047.6907489896],[1350160.6450957751,1460644.1683806553],[1350365.8009201023,1461741.8075061627],[1350517.322842432,1461999.8816736806],[1350405.3466501834,1463484.1882784218],[1350452.6582187975,1463826.0576927904],[1350848.3449005731,1464023.6018842272],[1350879.2606445255,1464581.9318424985],[1351131.6135385747,1464662.6697892472],[1350269.6239869222,1465181.1890593339],[1349734.7129256364,1466256.6023075432],[1348738.7984891755,1466986.214473322],[1347994.4685782196,1467185.2716437485],[1348612.8463575556,1468011.8436502647],[1349778.0256226598,1469080.2966979537],[1350711.8497911675,1469858.1382632256],[1352058.1254013537,1471665.7808523066],[1353871.8521086555,1472085.3814095166],[1354282.0670316687,1472742.7403177638],[1354511.5896097552,1473174.0705819819],[1356225.2610614898,1473659.8218277786],[1357328.7763372043,1474916.8457306158],[1358399.6991930208,1476267.3480718825],[1359782.7224671976,1476789.459423136],[1360608.9564712364,1477042.5934844185],[1361763.5414364475,1476512.5092410035],[1362058.7409953556,1476866.962558819],[1362710.723144063,1477590.7188567277],[1364062.7507136192,1478908.5662215408],[1364326.6460840651,1479246.17459324],[1364986.4909856266,1480128.4754313659],[1365188.9560345567,1480276.7213251013],[1366043.8974981089,1481322.7587591838],[1365897.6467605818,1482647.9100190327],[1366849.2248908305,1483070.8009826187],[1366296.2794109813,1484022.8903191164],[1365897.8247137428,1484712.6750216093],[1365260.96443916,1485818.2589375861],[1362327.6473717182,1491461.2745374795],[1362389.1440735464,1492729.9256050326],[1361307.7582470633,1492659.5627280679],[1360860.549463867,1492630.7250001188],[1355030.4918224136,1492214.9970004912],[1351353.3540847444,1491949.1170492377],[1351198.7360430702,1491777.4312316384],[1348211.4961731886,1488463.8181110155],[1348349.9099261679,1488204.0119348448],[1348207.0360805562,1486719.1418291945],[1349117.4910430666,1485265.8347520716],[1348769.200824481,1484018.9735069852],[1348188.8260440715,1482130.7347971257],[1348472.5014306505,1481594.4263404217],[1348559.3389478107,1479794.5082521532],[1349103.8235193749,1478586.675252337],[1344015.4847439765,1478174.9421894923],[1342286.0087057499,1477991.0718230605],[1340142.3309478601,1477746.7393880077],[1338744.5554088871,1477587.1948915087],[1334058.4922198104,1477054.2716232631],[1334036.2074934207,1477051.6606823131],[1330491.8798610822,1476650.5999760516],[1326857.2205241437,1476240.600478366],[1324130.0351994517,1475864.0486105941],[1323456.8305835018,1475872.3680561297],[1316493.0585984732,1475130.7475360595],[1314262.7738731159,1474888.7365698181],[1308320.0278693007,1474231.1460264008],[1304222.8103963311,1473778.3271590229],[1303871.8151953616,1474162.4837580603],[1301767.7732040274,1477970.3782079313],[1297355.958790883,1484443.6727741491],[1297451.1501412024,1485924.83294232],[1296546.6761102334,1488281.0148003474],[1294476.1859364647,1488634.9343081154],[1294604.8746878384,1489097.3806094974],[1296467.0500063088,1493893.1474990696],[1298697.6247405449,1497501.1668849383],[1300930.7957033829,1501131.0685120206],[1301832.2473003203,1502636.6788779814],[1303883.5420809214,1507489.3009972926],[1304404.7566924591,1508749.8627765123],[1306346.4160524267,1513370.6103429087],[1306413.9957397017,1513537.5738276858],[1305409.3213433626,1512229.5071814246],[1303435.5639994058,1512028.645722067],[1300403.4981685628,1513150.9512659423],[1298831.8125145426,1514340.1139373239],[1298010.4277795921,1514173.7194338609],[1294996.5334295032,1513216.8159737736],[1293894.8767483409,1513065.1537252609],[1291963.0793023591,1512691.4631278981],[1290500.3736139566,1512360.1266591437],[1290026.0120690609,1512075.1367471945],[1289226.7413476275,1511990.1661424227],[1286479.9800681928,1514649.8229838014],[1284453.6740899105,1516647.0101763513],[1281774.8173618531,1516836.5470889695],[1281503.4629418515,1517402.5081281289],[1280661.8189466414,1518702.1951919496],[1273972.3968128425,1520705.1621118058],[1272030.5259629358,1522217.804153854],[1268744.5248943518,1525969.0300959554],[1267235.1682723493,1525576.8458205741],[1266753.4736108717,1527817.2103843708],[1263787.8272661502,1528655.6099830586],[1263904.2273939024,1529031.8672570419],[1260384.2889807464,1529977.4071818423],[1257822.5918810915,1529884.6139904056],[1256829.7930183888,1531477.9045665339],[1255003.6412765761,1531884.8282206245],[1251911.1542721197,1527020.3894683551],[1255134.0046365845,1522563.496896876],[1256409.8072510797,1519010.8774473462],[1255453.3927429919,1514304.9487227742],[1254238.2686243304,1513517.1843034104],[1252932.5108882959,1511240.0966752246],[1251580.0170900137,1511264.8399612438],[1250564.5296548984,1509501.4422331918],[1256847.3060254129,1505312.7165616192],[1260196.3920413146,1502888.0554742496],[1262423.5411223883,1501371.8417755775],[1263552.6638747388,1498644.166144792],[1265209.08107234,1494641.9851734322],[1268082.0290304846,1487786.4189116452],[1268844.0967068796,1485961.0824984275],[1268483.8728263327,1485786.3948901687],[1268296.3256269549,1484098.9327251203],[1267757.8186714142,1482094.0648852792],[1262209.322457073,1481224.011597285],[1256686.1465717403,1478711.4001841862],[1256488.3278107801,1478792.4390312843],[1253349.2877449852,1481028.7001888677],[1250368.4285782706,1478420.7471072283],[1245412.3838647301,1477571.4686212838],[1240324.7057203462,1475548.3354234546],[1238957.4932215756,1476186.6365838591],[1238093.4450869192,1475923.1409718283],[1233386.9042825873,1474420.7345409803],[1234517.4505680769,1472195.0572973154],[1232712.2689822093,1467680.2952616885],[1231318.9067199458,1468284.254162766],[1230648.7254877198,1465985.2578998059],[1230400.4694780696,1465387.9123712983],[1232008.2781191529,1460775.7479479928],[1232921.9111496231,1460077.2644583527],[1234748.1790729568,1461401.9495785944],[1235958.4108605376,1460777.4421232231],[1238493.0210418163,1461909.2816472575],[1238730.7306199763,1461464.4283853211],[1240695.2997931968,1463036.6984482631],[1242469.4459853766,1463099.8240998648],[1246692.913449961,1460847.3579980675],[1247251.2812442973,1459236.0948823281],[1248778.8318396693,1458609.5076309331],[1247300.4586402371,1457161.7314494178],[1247615.1396644607,1453560.1447682474],[1248171.6786468481,1452789.7949087396],[1250631.3600162093,1451394.2178050838],[1251177.2349236782,1450979.2584697474],[1247715.1226049815,1450371.3047019187],[1247534.374396238,1450021.2931849789],[1247101.6822377648,1449554.5934966914],[1244923.2073263684,1448756.3423355017],[1245291.7761935678,1449634.5104536619],[1243077.496274682,1450454.9955507535],[1243062.3813282701,1450427.5550262779],[1243966.4000827807,1449235.6840813588],[1242268.0468029801,1449558.713150382],[1240554.0935444487,1449880.2296107691],[1237381.8284458937,1447347.18055778],[1235323.6963353162,1443950.3164830282],[1235240.451298076,1443766.1843877546],[1234458.7477838295,1442047.6846494004],[1231225.1784889272,1440479.2756145],[1231123.1236129685,1440396.2859018818]]]},"properties":{"OBJECTID":53,"AREALAND":"5678177714","AREAWATER":"109089746","CDSESSN":"119","FUNCSTAT":"N","GEOID":"3714","LSADC":"C2","MTFCC":"G5200","BASENAME":"14","NAME":"Congressional District 14","OID":"2119035952747014","STATE":"37","CENTLON":"-081.5951178","CENTLAT":"+35.4331240","INTPTLON":"-081.6003281","INTPTLAT":"+35.4334270","CD119":"14"}}]}